Folio,DireccionCalle,DireccionComuna,Zona_Hogar,Sector_Hogar,DiaEntrevista,MesEntrevista,HoraEntrevista,MinutoEntrevista,DiaRegistroViaje,MesRegistroViaje,TamanoFamiliar,TipoVivienda,TipoVivienda_e,SituacionVivienda,SituacionVivienda_e,Dividendo,Arriendo,AntiguedadViviendaAnos,AntiguedadViviendaMeses,HanVividoSiempreAqui,TipoViviendaAnterior,ComunaViviendaAnterior,ComunaViviendaAnterior_e,VisionBicicleta,IntegranteCapRed,CapRedTipo,CapRedSuficiencia,CuentasInternet,DisponibilidadVehiculo,NumeroVehiculos,DisponibilidadBicicleta,NumeroBicicletas,NumeroEstudiantes,NumeroViajes,ViajesCaminata,TramoVehiculo,TramoIngresoHogar,TipoDia,Zona,Sector,FactorExpansionH,codConexionInternet,codDisponibilidadVehiculo,codHanVividoSiempreAqui,codSituacionVivienda,codTipoVivienda,codTipoViviendaAnterior,codTramoIngresoHogar,codTramoVehiculo
10011,BARROS ARANA,NATALES,1,4.Borde Costero,15,6,18,50,16,6,3,1,,1,,null,null,73,0,1,null,null,,2,1,1,2,1,1,1,2,null,0,4,4,1,2,1,1,4.Borde Costero,"14,889",,,,,,,,
10012,CARLOS BORIES,NATALES,1,4.Borde Costero,15,6,18,30,16,6,1,1,,1,,null,null,11,3,1,null,null,,2,2,null,null,1,1,1,2,null,0,2,0,1,9,1,1,4.Borde Costero,"5,489",,,,,,,,
10021,TOMAS ROGERS,NATALES,3,3.Centro,15,6,14,0,16,6,3,1,,1,,null,null,3,3,1,null,null,,2,2,null,null,1,1,1,1,1,1,17,0,1,1,1,3,3.Centro,"7,85",,,,,,,,
10022,MAGALLANES,NATALES,3,3.Centro,18,6,14,0,19,6,4,1,,1,,null,null,20,0,1,null,null,,3,2,null,null,1,1,3,1,3,0,2,2,3,3,2,3,3.Centro,"16,558",,,,,,,,
10031,AVENIDA LIBERTAD,NATALES,7,1.Residencial Norte,17,5,20,0,18,5,5,1,,1,,null,null,6,2,1,null,null,,2,2,null,null,1,1,2,2,null,3,34,0,2,3,1,7,1.Residencial Norte,"24,803",,,,,,,,
10032,PASAJE 8,NATALES,7,1.Residencial Norte,18,5,20,0,19,5,2,1,,1,,null,null,19,0,1,null,null,,3,2,null,null,1,1,1,1,2,0,4,0,1,2,1,7,1.Residencial Norte,"8,51",,,,,,,,
10041,ALBERTO BARRIA,NATALES,7,1.Residencial Norte,6,8,13,0,7,8,5,1,,1,,null,null,10,2,1,null,null,,3,2,null,null,1,1,2,1,1,1,2,0,2,3,2,7,1.Residencial Norte,"24,803",,,,,,,,
10042,BRUNO CANOBRA,NATALES,7,1.Residencial Norte,16,5,16,50,17,5,3,1,,1,,null,null,0,2,1,null,null,,3,2,null,null,1,1,1,2,null,1,8,6,1,3,1,7,1.Residencial Norte,"14,933",,,,,,,,
10051,CARABINERO LUCERO,NATALES,8,1.Residencial Norte,17,5,17,0,18,5,2,1,,1,,null,null,40,1,1,null,null,,2,1,2,2,3,2,null,2,null,0,0,0,0,2,1,8,1.Residencial Norte,"8,51",,,,,,,,
10052,LIBERTAD,NATALES,8,1.Residencial Norte,18,5,18,50,19,5,1,1,,1,,null,null,50,3,1,null,null,,3,2,null,null,3,2,null,2,null,0,2,2,0,1,1,8,1.Residencial Norte,"7,185",,,,,,,,
10061,PILAR BORQUEZ,NATALES,8,1.Residencial Norte,18,5,15,0,19,5,3,1,,1,,null,null,28,0,1,null,null,,3,2,null,null,3,1,2,2,null,0,10,0,2,2,1,8,1.Residencial Norte,"14,933",,,,,,,,
10062,CARABINERO LUCERO,NATALES,8,1.Residencial Norte,3,8,16,0,4,8,1,1,,1,,null,null,8,1,1,null,null,,1,2,null,null,3,2,null,1,1,0,2,0,0,9,1,8,1.Residencial Norte,"7,185",,,,,,,,
10071,RAMON FREIRE,NATALES,9,2.Residencial Central,2,8,19,0,3,8,2,1,,1,,null,null,25,2,1,null,null,,2,2,null,null,1,2,null,1,1,0,8,4,0,2,1,9,2.Residencial Central,"10,068",,,,,,,,
10072,VALDIVIA,NATALES,9,2.Residencial Central,3,8,21,0,4,8,2,1,,1,,null,null,50,6,1,null,null,,3,2,null,null,1,2,null,2,null,0,0,0,0,2,1,9,2.Residencial Central,"10,068",,,,,,,,
10081,LIBERTAD,NATALES,10,1.Residencial Norte,16,5,19,30,17,5,2,1,,1,,null,null,50,3,1,null,null,,1,2,null,null,3,1,1,2,null,0,4,0,1,2,1,10,1.Residencial Norte,"8,51",,,,,,,,
10082,COLO COLO,NATALES,10,1.Residencial Norte,17,5,19,48,18,5,1,1,,1,,null,null,47,2,1,null,null,,2,2,null,null,3,2,null,2,null,0,2,2,0,1,1,10,1.Residencial Norte,"7,185",,,,,,,,
10091,PEDRO AGUIRRE CERDA,NATALES,10,1.Residencial Norte,16,5,18,30,17,5,2,1,,1,,null,null,60,0,1,null,null,,3,2,null,null,3,1,1,2,null,0,4,2,1,2,1,10,1.Residencial Norte,"8,51",,,,,,,,
10092,SANTIAGO BUERAS,NATALES,10,1.Residencial Norte,17,5,18,17,18,5,3,1,,1,,null,null,3,0,1,null,null,,2,2,null,null,1,1,1,2,null,1,6,0,1,2,1,10,1.Residencial Norte,"14,933",,,,,,,,
10101,GARCIA HURTADO DE MENDOZA,PUERTO NATALES,11,4.Borde Costero,16,5,19,35,17,5,2,1,,1,,null,null,35,3,1,null,null,,3,2,null,null,3,1,1,2,null,0,4,0,1,1,1,11,4.Borde Costero,"8,431",,,,,,,,
10102,AURELIO ROSAS,PUERTO NATALES,11,4.Borde Costero,17,5,17,11,18,5,2,1,,3,,null,998,0,1,1,null,null,,3,2,null,null,2,2,null,1,2,1,2,2,0,1,1,11,4.Borde Costero,"8,431",,,,,,,,
10111,FRANCISCO CORTES OJEA,NATALES,11,4.Borde Costero,15,6,14,30,16,6,2,1,,1,,null,null,2,6,1,null,null,,2,2,null,null,1,1,2,2,null,0,3,1,2,1,1,11,4.Borde Costero,"8,431",,,,,,,,
10112,LADRILLEROS,NATALES,11,4.Borde Costero,14,6,14,0,15,6,2,1,,1,,null,null,45,2,1,null,null,,3,2,null,null,1,1,1,2,null,0,2,2,1,3,1,11,4.Borde Costero,"8,431",,,,,,,,
10121,ANTONIO GARAY,NATALES,13,3.Centro,12,6,17,0,14,6,3,1,,3,,null,998,0,2,1,null,null,,3,2,null,null,1,1,1,2,null,1,15,3,1,3,1,13,3.Centro,"7,85",,,,,,,,
10122,YERBAS BUENAS,NATALES,13,3.Centro,12,6,17,30,15,6,1,1,,1,,null,null,59,0,1,null,null,,2,2,null,null,3,2,null,2,null,0,6,6,0,1,1,13,3.Centro,"7,351",,,,,,,,
10131,PASAJE CHILOE,NATALES,13,3.Centro,12,6,16,30,15,6,3,1,,1,,null,null,6,0,1,null,null,,2,2,null,null,1,1,2,2,null,1,0,0,2,3,1,13,3.Centro,"7,85",,,,,,,,
10132,BULNES,NATALES,13,3.Centro,12,6,16,45,16,6,1,1,,5,,null,null,13,0,1,null,null,,2,2,null,null,3,1,1,2,null,0,4,4,1,1,1,13,3.Centro,"7,351",,,,,,,,
10141,RAMIREZ,NATALES,14,3.Centro,16,5,17,2,18,5,3,1,,1,,null,null,30,0,1,null,null,,3,2,null,null,1,1,1,1,1,2,6,0,1,1,1,14,3.Centro,"7,85",,,,,,,,
10142,BAQUEDANO,NATALES,14,3.Centro,16,5,17,18,17,5,2,1,,1,,null,null,55,0,1,null,null,,2,1,1,1,3,2,null,2,null,0,2,2,0,2,1,14,3.Centro,"13,291",,,,,,,,
10151,ESMERALDA,NATALES,15,2.Residencial Central,16,5,18,5,19,5,2,1,,3,,null,500000,1,6,1,null,null,,3,2,null,null,1,1,1,1,2,0,2,0,1,9,1,15,2.Residencial Central,"10,068",,,,,,,,
10152,ESMERALDA,NATALES,15,2.Residencial Central,16,5,18,25,17,5,3,1,,1,,null,null,60,0,1,null,null,,3,2,null,null,3,1,1,1,1,0,13,3,1,3,1,15,2.Residencial Central,"15,98",,,,,,,,
10161,ESMERALDA,NATALES,15,2.Residencial Central,18,5,10,38,19,5,2,1,,1,,null,null,66,0,1,null,null,,3,2,null,null,3,1,1,2,null,0,6,4,1,9,1,15,2.Residencial Central,"10,068",,,,,,,,
10162,VICTOR LARENAS,NATALES,15,2.Residencial Central,16,5,17,35,17,5,2,1,,1,,null,null,7,0,1,null,null,,2,2,null,null,3,2,null,2,null,0,7,3,0,9,1,15,2.Residencial Central,"10,068",,,,,,,,
10171,MANUEL BULNES,NATALES,15,2.Residencial Central,18,5,14,0,19,5,1,1,,1,,null,null,62,3,1,null,null,,3,2,null,null,3,2,null,2,null,0,2,2,0,1,1,15,2.Residencial Central,"7,711",,,,,,,,
10172,VALDIVIA,NATALES,15,2.Residencial Central,17,5,12,30,18,5,2,1,,1,,null,null,30,5,1,null,null,,2,2,null,null,1,1,2,1,1,0,6,2,2,1,1,15,2.Residencial Central,"10,068",,,,,,,,
10181,RUBEN DARIO,NATALES,17,6.Residencial Oriente,1,8,17,0,2,8,7,1,,1,,null,null,18,1,1,null,null,,3,2,null,null,1,1,1,1,2,3,16,1,1,1,1,17,6.Residencial Oriente,"3,815",,,,,,,,
10182,AVDA. SANTIAGO BUERAS,NATALES,17,6.Residencial Oriente,2,8,17,0,3,8,1,1,,5,,null,null,56,1,1,null,null,,3,2,null,null,3,1,1,2,null,0,2,2,1,1,1,17,6.Residencial Oriente,"13,45",,,,,,,,
10191,PASAJE EL MINERO,NATALES,17,6.Residencial Oriente,6,8,16,0,7,8,2,1,,3,,null,400000,3,1,1,null,null,,3,2,null,null,1,1,1,1,1,0,2,0,1,9,2,17,6.Residencial Oriente,"23,763",,,,,,,,
10192,JAVIERA CARRERA,NATALES,17,6.Residencial Oriente,1,8,15,0,2,8,3,1,,1,,null,null,60,5,1,null,null,,2,2,null,null,3,1,1,2,null,0,2,2,1,2,1,17,6.Residencial Oriente,"9,329",,,,,,,,
10201,SKYRING,NATALES,19,4.Borde Costero,2,8,16,0,3,8,1,1,,5,,null,null,34,1,1,null,null,,2,2,null,null,1,1,1,2,null,0,0,0,1,2,1,19,4.Borde Costero,"5,489",,,,,,,,
10202,PJE SKYRING,PUERTO NATALES,19,4.Borde Costero,16,5,18,24,17,5,1,1,,3,,null,998,3,2,2,3,10,VALPARAISO,3,2,null,null,1,1,1,2,null,0,0,0,1,1,1,19,4.Borde Costero,"5,489",,,,,,,,
10211,MAGALLANES,NATALES,20,3.Centro,14,6,15,0,15,6,1,1,,1,,null,null,35,5,1,null,null,,2,2,null,null,1,2,null,1,1,0,2,1,0,9,1,20,3.Centro,"7,351",,,,,,,,
10212,SARGENTO ALDEA,NATALES,20,3.Centro,15,6,13,0,16,6,1,1,,1,,null,null,42,5,1,null,null,,2,2,null,null,3,2,null,2,null,0,2,0,0,1,1,20,3.Centro,"7,351",,,,,,,,
10221,LADRILLEROS,NATALES,20,3.Centro,14,6,14,30,15,6,2,1,,1,,null,null,55,0,1,null,null,,3,2,null,null,1,2,null,2,null,0,2,2,0,2,1,20,3.Centro,"13,291",,,,,,,,
10222,GABRIELA MISTRAL,NATALES,20,3.Centro,15,6,15,0,16,6,4,1,,1,,null,null,17,5,1,null,null,,2,2,null,null,1,1,2,1,3,2,12,0,2,1,1,20,3.Centro,"16,558",,,,,,,,
10231,MAGALLANES,NATALES,20,3.Centro,15,6,18,0,16,6,3,1,,1,,null,null,18,3,1,null,null,,2,2,null,null,1,1,2,1,2,0,7,2,2,3,1,20,3.Centro,"7,85",,,,,,,,
10232,DIEGO PORTALES,NATALES,20,3.Centro,15,6,19,15,16,6,3,1,,3,,null,400000,11,3,1,null,null,,3,1,1,1,1,1,1,1,3,1,13,0,1,1,1,20,3.Centro,"7,85",,,,,,,,
10241,CHORRILLOS,NATALES,23,2.Residencial Central,16,5,18,43,17,5,2,1,,1,,null,null,22,0,1,null,null,,3,2,null,null,3,1,1,1,1,0,12,0,1,3,1,23,2.Residencial Central,"10,068",,,,,,,,
10242,VICTOR LARENAS,NATALES,23,2.Residencial Central,17,5,16,33,18,5,2,1,,1,,null,null,45,0,2,4,5,,3,1,1,2,2,2,null,2,null,0,3,0,0,1,1,23,2.Residencial Central,"10,068",,,,,,,,
10251,BALMACEDA,NATALES,23,2.Residencial Central,16,5,15,53,19,5,2,1,,3,,null,500000,1,10,1,null,null,,3,2,null,null,1,1,1,2,null,0,8,1,1,1,1,23,2.Residencial Central,"10,068",,,,,,,,
10252,BENJAMIN ZAMORA,NATALES,23,2.Residencial Central,16,5,15,12,17,5,3,1,,3,,null,300000,7,0,1,null,null,,3,1,1,1,1,1,1,1,2,0,8,4,1,3,1,23,2.Residencial Central,"15,98",,,,,,,,
10261,GALVARINO,NATALES,23,2.Residencial Central,17,5,12,46,19,5,2,1,,1,,null,null,62,0,1,null,null,,1,2,null,null,3,2,null,1,2,0,6,2,0,9,1,23,2.Residencial Central,"10,068",,,,,,,,
10262,GALVARINO,NATALES,23,2.Residencial Central,6,8,15,0,7,8,2,1,,5,,null,null,70,2,1,null,null,,3,2,null,null,3,2,null,2,null,0,2,2,0,1,2,23,2.Residencial Central,"10,068",,,,,,,,
10271,ANGEL VIANO,NATALES,27,4.Borde Costero,6,8,17,0,7,8,2,1,,3,,null,400000,2,1,1,null,null,,3,2,null,null,1,2,null,1,1,1,0,0,0,1,2,27,4.Borde Costero,"8,431",,,,,,,,
10272,DIEGO PORTALES,PUERTO NATALES,27,4.Borde Costero,16,5,15,40,17,5,1,1,,3,,null,280000,7,3,2,1,10,OSORNO,2,2,null,null,1,2,null,2,null,0,0,0,0,1,1,27,4.Borde Costero,"5,489",,,,,,,,
10281,RANCAGUA,PUERTO NATALES,28,2.Residencial Central,16,5,15,55,17,5,1,1,,1,,null,null,38,3,1,null,null,,2,2,null,null,3,2,null,2,null,0,2,2,0,9,1,28,2.Residencial Central,"7,711",,,,,,,,
10282,DOLORES,PUERTO NATALES,28,2.Residencial Central,16,5,17,10,18,5,2,1,,1,,null,null,52,7,1,null,null,,3,1,2,2,2,2,null,2,null,0,0,0,0,2,1,28,2.Residencial Central,"10,068",,,,,,,,
10291,GLAVARINO,NATALES,30,2.Residencial Central,16,5,16,32,17,5,3,1,,3,,null,300000,7,6,1,null,null,,2,2,null,null,1,1,1,2,null,1,2,0,1,2,1,30,2.Residencial Central,"15,98",,,,,,,,
10292,SANTIAGO BUERAS,NATALES,30,2.Residencial Central,16,5,16,41,17,5,3,1,,3,,null,40000,3,0,1,null,null,,3,2,null,null,2,1,1,1,1,0,6,0,1,9,1,30,2.Residencial Central,"15,98",,,,,,,,
10301,BAQUEDANO,NATALES,30,2.Residencial Central,17,5,17,8,18,5,2,1,,3,,null,999,1,0,1,null,null,,3,2,null,null,1,1,1,2,null,1,0,0,1,3,1,30,2.Residencial Central,"10,068",,,,,,,,
10302,RAMIREZ,NATALES,30,2.Residencial Central,17,5,16,47,19,5,2,1,,1,,null,null,40,0,1,null,null,,3,2,null,null,3,1,1,2,null,0,0,0,1,9,1,30,2.Residencial Central,"10,068",,,,,,,,
10311,YUNGAY,NATALES,31,2.Residencial Central,2,8,18,0,3,8,1,1,,1,,null,null,2,8,1,null,null,,3,2,null,null,1,1,1,2,null,0,2,0,1,9,1,31,2.Residencial Central,"7,711",,,,,,,,
10312,YUNGAY,NATALES,31,2.Residencial Central,17,5,12,23,19,5,2,1,,1,,null,null,67,0,1,null,null,,3,2,null,null,1,1,2,2,null,0,4,0,2,9,1,31,2.Residencial Central,"10,068",,,,,,,,
10321,SARMIENTO,NATALES,32,5.Residencial Sur,16,5,18,10,17,5,1,1,,3,,null,350000,0,8,2,3,10,BOGOTA,2,2,null,null,3,2,null,1,3,0,0,0,0,1,1,32,5.Residencial Sur,"11,076",,,,,,,,
10322,OVEJERO,NATALES,32,5.Residencial Sur,17,5,18,42,18,5,2,1,,2,,360000,null,9,2,1,null,null,,2,2,null,null,1,1,1,1,4,0,2,0,1,9,1,32,5.Residencial Sur,"8,098",,,,,,,,
10331,FRESIA,NATALES,32,5.Residencial Sur,17,5,17,50,18,5,2,1,,1,,null,null,49,6,1,null,null,,1,2,null,null,3,1,1,2,null,0,4,0,1,2,1,32,5.Residencial Sur,"8,098",,,,,,,,
10332,PATAGONIA,NATALES,32,5.Residencial Sur,18,5,18,0,19,5,2,1,,3,,null,500000,0,7,1,null,null,,3,2,null,null,3,1,2,1,2,0,4,0,2,3,1,32,5.Residencial Sur,"8,098",,,,,,,,
10341,SARMIENTO,NATALES,32,5.Residencial Sur,17,5,19,0,18,5,1,1,,1,,null,null,20,6,1,null,null,,3,2,null,null,1,1,2,1,2,0,2,0,2,2,1,32,5.Residencial Sur,"11,076",,,,,,,,
10342,FRESIA,NATALES,32,5.Residencial Sur,3,8,18,0,4,8,2,1,,1,,null,null,55,2,1,null,null,,3,2,null,null,1,2,null,2,null,0,0,0,0,9,1,32,5.Residencial Sur,"8,098",,,,,,,,
10351,LOS PINOS,NATALES,33,5.Residencial Sur,21,5,11,0,22,5,1,1,,3,,null,390000,2,6,2,1,5,,3,2,null,null,1,1,1,1,2,0,0,0,1,2,2,33,5.Residencial Sur,"11,076",,,,,,,,
10352,RENE SCHNEIDER,NATALES,33,5.Residencial Sur,1,8,19,0,2,8,1,1,,1,,null,null,12,5,1,null,null,,3,2,null,null,1,1,1,2,null,0,4,0,1,2,1,33,5.Residencial Sur,"11,076",,,,,,,,
10361,TENIENTE SERRANO,NATALES,35,4.Borde Costero,16,5,18,1,17,5,4,1,null,1,null,null,null,3,2,1,null,null,null,2,2,null,null,1,1,2,1,4,2,22,0,2,3,1,35,4.Borde Costero,"18,665",,,,,,,,
10362,PEDRO MONTT,NATALES,35,4.Borde Costero,17,5,19,0,18,5,3,1,null,1,null,null,null,20,6,1,null,null,null,1,1,1,2,3,2,null,2,null,0,4,2,0,2,1,35,4.Borde Costero,"14,889",,,,,,,,
10371,JUAN WILLIAMS,NATALES,36,5.Residencial Sur,17,5,12,37,18,5,5,1,null,1,null,null,null,2,3,2,1,5,null,3,2,null,null,1,1,1,1,1,2,14,0,1,3,1,36,5.Residencial Sur,"19,372",,,,,,,,
10372,ABRAHAM LINCON,NATALES,36,5.Residencial Sur,18,5,15,2,19,5,2,1,null,1,null,null,null,20,0,1,null,null,null,3,2,null,null,3,2,null,2,null,0,4,2,0,1,1,36,5.Residencial Sur,"8,098",,,,,,,,
10381,OVEJERO,NATALES,37,5.Residencial Sur,16,5,18,30,17,5,3,1,,1,,null,null,6,3,1,null,null,,1,2,null,null,3,1,1,2,null,0,4,0,1,1,1,37,5.Residencial Sur,"21,504",,,,,,,,
10382,TEGUALDA,NATALES,37,5.Residencial Sur,17,5,15,45,18,5,5,1,,3,,null,550000,0,4,2,1,5,,3,2,null,null,2,2,null,2,null,2,10,6,0,2,1,37,5.Residencial Sur,"19,372",,,,,,,,
10391,FRESIA,NATALES,37,5.Residencial Sur,18,5,19,3,19,5,3,1,,1,,null,null,23,4,1,null,null,,2,2,null,null,1,1,1,2,null,0,8,4,1,3,1,37,5.Residencial Sur,"21,504",,,,,,,,
10392,PATAGONIA,NATALES,37,5.Residencial Sur,17,5,16,30,18,5,2,1,,2,,240000,null,4,0,1,null,null,,3,2,null,null,1,1,1,2,null,0,4,0,1,2,1,37,5.Residencial Sur,"8,098",,,,,,,,
10401,21 DE MAYO,NATALES,38,5.Residencial Sur,16,5,19,5,17,5,4,1,,1,,null,null,60,0,1,null,null,,3,2,null,null,1,1,2,1,2,0,6,0,2,1,1,38,5.Residencial Sur,"19,313",,,,,,,,
10402,EUSEBIO LILLO,NATALES,38,5.Residencial Sur,2,8,15,0,3,8,2,1,,3,,null,350000,5,8,1,null,null,,2,2,null,null,3,1,2,1,2,0,4,0,2,2,1,38,5.Residencial Sur,"8,098",,,,,,,,
10411,MILODON,NATALES,38,5.Residencial Sur,17,5,11,0,18,5,4,1,,4,,null,null,3,6,2,1,10,LAGO RANCO,3,2,null,null,1,1,1,1,1,0,0,0,1,1,1,38,5.Residencial Sur,"19,313",,,,,,,,
10412,MILODON,NATALES,38,5.Residencial Sur,18,5,12,0,19,5,1,1,,4,,null,null,9,6,1,null,null,,3,2,null,null,1,1,1,1,1,0,0,0,1,1,1,38,5.Residencial Sur,"11,076",,,,,,,,
10421,21 DE MAYO,NATALES,38,5.Residencial Sur,18,5,19,0,19,5,1,1,,1,,null,null,45,8,1,null,null,,1,2,null,null,2,2,null,2,null,0,0,0,0,1,1,38,5.Residencial Sur,"11,076",,,,,,,,
10422,AV SANTIAGO BUERAS,NATALES,38,5.Residencial Sur,16,5,18,41,17,5,2,1,,1,,null,null,49,0,1,null,null,,2,1,1,1,3,2,null,2,null,0,0,0,0,1,1,38,5.Residencial Sur,"8,098",,,,,,,,
10431,GUACOLDA,NATALES,38,5.Residencial Sur,31,8,21,0,1,9,1,1,,3,,null,400000,1,5,1,null,null,,3,2,null,null,1,2,null,1,1,0,5,0,0,3,1,38,5.Residencial Sur,"11,076",,,,,,,,
10432,JOSE SAVARINO,NATALES,38,5.Residencial Sur,21,5,10,50,22,5,1,1,,1,,null,null,44,6,2,1,5,,3,1,1,2,3,2,null,2,null,0,0,0,0,1,2,38,5.Residencial Sur,"11,076",,,,,,,,
10441,RENE SCHNEIDER,NATALES,39,5.Residencial Sur,29,8,11,0,30,8,4,1,,1,,null,null,55,0,1,null,null,,1,2,null,null,3,2,null,2,null,0,2,1,0,2,1,39,5.Residencial Sur,"19,313",,,,,,,,
10442,14 DE ABRIL,NATALES,39,5.Residencial Sur,29,8,13,0,30,8,5,1,,5,,null,null,45,0,1,null,null,,1,2,null,null,2,1,1,1,2,2,6,2,1,3,1,39,5.Residencial Sur,"19,372",,,,,,,,
10451,SARMIENTO,NATALES,40,5.Residencial Sur,16,5,20,51,17,5,2,1,,1,,null,null,32,5,2,1,10,PUERTO MONTT,2,2,null,null,3,1,2,2,null,0,0,0,2,9,1,40,5.Residencial Sur,"8,098",,,,,,,,
10452,SARMIENTO,NATALES,40,5.Residencial Sur,17,5,20,26,18,5,2,1,,1,,null,null,37,2,1,null,null,,3,2,null,null,2,1,1,2,null,0,0,0,1,1,1,40,5.Residencial Sur,"8,098",,,,,,,,
10461,19 DE JUNIO,NATALES,40,5.Residencial Sur,16,5,14,50,17,5,2,1,,1,,null,null,17,0,1,null,null,,3,2,null,null,3,2,null,2,null,0,2,0,0,2,1,40,5.Residencial Sur,"8,098",,,,,,,,
10462,LAS LENGAS,NATALES,40,5.Residencial Sur,17,5,18,36,18,5,1,1,,1,,null,null,36,5,1,null,null,,3,2,null,null,1,2,null,2,null,0,0,0,0,1,1,40,5.Residencial Sur,"11,076",,,,,,,,
10471,19 DE JUNIO,NATALES,40,5.Residencial Sur,1,9,11,22,1,9,3,1,,1,,null,null,25,0,1,null,null,,2,2,null,null,3,1,1,2,null,2,8,6,1,1,1,40,5.Residencial Sur,"21,504",,,,,,,,
10472,LOS AROMOS,NATALES,40,5.Residencial Sur,1,9,10,41,1,9,4,1,,1,,null,null,2,0,1,null,null,,3,2,null,null,3,1,1,2,null,2,6,2,1,3,1,40,5.Residencial Sur,"19,313",,,,,,,,
10481,JOSE MUÑOZ,NATALES,41,5.Residencial Sur,30,8,14,36,30,8,4,1,,1,,null,null,16,0,1,null,null,,3,2,null,null,1,1,2,2,null,2,12,4,2,3,1,41,5.Residencial Sur,"19,313",,,,,,,,
10482,REMIGIO SAPUNAR,NATALES,41,5.Residencial Sur,31,8,9,37,31,8,3,1,,3,,null,350000,7,0,1,null,null,,3,2,null,null,2,2,null,2,null,1,8,4,0,2,1,41,5.Residencial Sur,"21,504",,,,,,,,
10491,MELINDA MANSILLA,NATALES,44,5.Residencial Sur,31,8,21,30,1,9,6,1,,3,,null,380000,1,5,1,null,null,,3,2,null,null,1,2,null,1,2,2,8,4,0,3,1,44,5.Residencial Sur,"60,002",,,,,,,,
10492,JOSE AYAQUINTUY,NATALES,44,5.Residencial Sur,29,8,18,0,30,8,2,1,,1,,null,null,13,0,1,null,null,,3,2,null,null,1,2,null,1,1,1,6,0,0,1,1,44,5.Residencial Sur,"8,098",,,,,,,,
10501,PASAJE SAN LUCAS,NATALES,45,7.Residencial Perimetral,29,8,13,30,30,8,2,1,,1,,null,null,12,0,1,null,null,,2,2,null,null,1,1,1,1,1,0,6,0,1,2,1,45,7.Residencial Perimetral,"13,884",,,,,,,,
10502,PASAJE SAN ALERTO HURTADO,NATALES,45,7.Residencial Perimetral,30,8,19,0,31,8,2,1,,1,,null,null,12,2,1,null,null,,3,2,null,null,3,2,null,1,1,0,8,0,0,2,1,45,7.Residencial Perimetral,"13,884",,,,,,,,
10511,PADRE PINILLA,NATALES,46,7.Residencial Perimetral,30,8,18,53,30,8,1,1,,1,,null,null,15,0,1,null,null,,3,2,null,null,2,1,1,2,null,0,4,0,1,3,1,46,7.Residencial Perimetral,"18,986",,,,,,,,
10512,GLACIAR VIDELLA,NATALES,46,7.Residencial Perimetral,31,8,14,3,31,8,2,1,,1,,null,null,20,0,1,null,null,,1,2,null,null,3,2,null,2,null,0,4,2,0,2,1,46,7.Residencial Perimetral,"13,884",,,,,,,,
10521,PADRE BRUNELLI,NATALES,46,7.Residencial Perimetral,30,8,18,23,30,8,1,1,,3,,null,300000,8,0,1,null,null,,3,2,null,null,1,2,null,1,1,0,2,0,0,2,1,46,7.Residencial Perimetral,"18,986",,,,,,,,
10522,SERVIDEI,NATALES,46,7.Residencial Perimetral,31,8,9,57,31,8,3,1,,1,,null,null,20,0,1,null,null,,3,2,null,null,2,1,1,2,null,0,4,2,1,3,1,46,7.Residencial Perimetral,"21,374",,,,,,,,
10531,PEDRO OJEDA PANTOJA,NATALES,46,7.Residencial Perimetral,3,8,10,39,9,8,2,1,,1,,null,null,20,0,1,null,null,,3,1,2,1,3,2,null,2,null,0,0,0,0,2,1,46,7.Residencial Perimetral,"13,884",,,,,,,,
10532,ALFREDO LORCA,NATALES,46,7.Residencial Perimetral,3,8,11,15,10,8,4,1,,1,,null,null,16,0,1,null,null,,3,2,null,null,2,2,null,2,null,1,8,6,0,2,1,46,7.Residencial Perimetral,"21,211",,,,,,,,
10541,PETRONILA RODRIGUEZ,NATALES,46,7.Residencial Perimetral,3,8,14,24,4,8,2,1,,1,,null,null,20,0,1,null,null,,3,2,null,null,2,2,null,2,null,1,4,2,0,1,1,46,7.Residencial Perimetral,"13,884",,,,,,,,
10542,CASILDA TELLEZ,NATALES,46,7.Residencial Perimetral,3,8,19,52,4,8,2,1,,1,,null,null,20,0,1,null,null,,3,2,null,null,3,1,1,2,null,0,6,0,1,2,1,46,7.Residencial Perimetral,"13,884",,,,,,,,
10551,PEDRO OJEDA PANTOJA,NATALES,46,7.Residencial Perimetral,10,8,16,36,14,8,2,1,,1,,null,null,20,0,1,null,null,,3,2,null,null,3,2,null,2,null,0,0,0,0,1,2,46,7.Residencial Perimetral,"13,884",,,,,,,,
10552,RODEMIL BITERLICH,NATALES,46,7.Residencial Perimetral,8,8,15,43,9,8,2,1,,1,,null,null,20,0,1,null,null,,3,2,null,null,3,2,null,2,null,0,2,0,0,1,1,46,7.Residencial Perimetral,"13,884",,,,,,,,
10561,RAPANUI,NATALES,47,7.Residencial Perimetral,27,6,16,0,28,6,1,1,,1,,null,null,7,0,1,null,null,,1,2,null,null,1,2,null,2,null,0,2,1,0,9,1,47,7.Residencial Perimetral,"18,986",,,,,,,,
10562,AYMARA,NATALES,47,7.Residencial Perimetral,27,8,17,53,31,8,4,1,,1,,null,null,10,0,1,null,null,,3,2,null,null,2,2,null,2,null,3,12,10,0,2,1,47,7.Residencial Perimetral,"21,211",,,,,,,,
10571,PACHAMAMA,NATALES,47,7.Residencial Perimetral,13,6,19,56,14,6,4,1,,1,,null,null,8,0,1,null,null,,3,2,null,null,2,1,1,2,null,2,7,0,1,2,1,47,7.Residencial Perimetral,"21,211",,,,,,,,
10572,PACHAMAMA,NATALES,47,7.Residencial Perimetral,14,6,17,34,15,6,1,1,,1,,null,null,10,0,2,4,10,NATALES,3,2,null,null,2,2,null,2,null,0,0,0,0,1,1,47,7.Residencial Perimetral,"18,986",,,,,,,,
10581,EXPLORADORES,NATALES,47,7.Residencial Perimetral,29,6,16,30,30,6,2,1,,3,,null,300000,2,0,1,null,null,,3,2,null,null,2,1,1,2,null,0,4,1,1,2,1,47,7.Residencial Perimetral,"13,884",,,,,,,,
10582,HUSARES,NATALES,47,7.Residencial Perimetral,27,6,15,20,28,6,3,1,,3,,null,400000,9,0,1,null,null,,3,2,null,null,1,1,1,2,null,1,2,0,1,3,1,47,7.Residencial Perimetral,"21,374",,,,,,,,
10591,LAGO PINTO,NATALES,47,7.Residencial Perimetral,2,8,17,50,4,8,2,1,,3,,null,250000,4,0,1,null,null,,3,2,null,null,1,1,1,2,null,1,5,1,1,1,1,47,7.Residencial Perimetral,"13,884",,,,,,,,
10592,PACHAMAMA,NATALES,47,7.Residencial Perimetral,1,8,15,42,2,8,1,1,,1,,null,null,6,0,1,null,null,,3,2,null,null,3,1,1,2,null,0,2,0,1,2,1,47,7.Residencial Perimetral,"18,986",,,,,,,,
10601,ANTONIO MIRANDA,NATALES,48,7.Residencial Perimetral,2,8,16,36,3,8,4,1,,2,,320000,null,2,0,1,null,null,,3,2,null,null,1,1,1,2,null,2,6,0,1,3,1,48,7.Residencial Perimetral,"21,211",,,,,,,,
10602,AVDA.ULTIMA ESPERANZA,NATALES,48,7.Residencial Perimetral,4,8,17,51,4,8,3,1,,2,,400000,null,5,0,1,null,null,,3,2,null,null,1,1,2,2,null,1,12,0,2,3,1,48,7.Residencial Perimetral,"21,374",,,,,,,,
10611,LOS CIPRESES,NATALES,50,5.Residencial Sur,17,5,11,55,18,5,2,1,,1,,null,null,40,6,1,null,null,,2,2,null,null,2,1,2,1,2,1,1,0,2,1,1,50,5.Residencial Sur,"8,098",,,,,,,,
10612,OSVALDO WEBMAN,NATALES,50,5.Residencial Sur,18,5,18,52,19,5,2,1,,1,,null,null,40,6,2,1,10,PUERTO MONTT,3,1,1,1,2,1,1,2,null,0,6,0,1,1,1,50,5.Residencial Sur,"8,098",,,,,,,,
10621,RENE SCHNAIDER,NATALES,50,5.Residencial Sur,1,8,15,46,4,8,1,1,,1,,null,null,60,0,1,null,null,,3,2,null,null,3,2,null,2,null,0,0,0,0,1,1,50,5.Residencial Sur,"11,076",,,,,,,,
10622,LOS CIPRECES,NATALES,50,5.Residencial Sur,3,8,18,40,4,8,5,1,,3,,null,300000,2,0,2,1,10,COLOMBIA,3,2,null,null,2,1,1,2,null,3,12,4,1,2,1,50,5.Residencial Sur,"19,372",,,,,,,,
10631,LOS COPIHUES,NATALES,50,5.Residencial Sur,21,5,11,0,22,5,1,1,,1,,null,null,41,6,1,null,null,,2,1,1,2,3,1,1,1,1,0,4,0,1,2,2,50,5.Residencial Sur,"11,076",,,,,,,,
10632,EUSEBIO LILLO,NATALES,50,5.Residencial Sur,1,8,17,49,2,8,2,1,,1,,null,null,50,0,1,null,null,,2,1,1,1,3,2,null,2,null,0,2,2,0,2,1,50,5.Residencial Sur,"8,098",,,,,,,,
10641,BULNES,NATALES,1,4.Borde Costero,15,6,18,35,16,6,1,1,,3,,null,998,0,10,1,null,null,,2,2,null,null,1,2,null,2,null,0,4,0,0,1,1,1,4.Borde Costero,"5,489",,,,,,,,
10642,BARROS ARANA,NATALES,1,4.Borde Costero,15,6,18,7,16,6,1,1,,1,,null,null,30,0,1,null,null,,2,2,null,null,3,1,2,2,null,0,4,0,2,3,1,1,4.Borde Costero,"5,489",,,,,,,,
10651,MAGALLANES,NATALES,2,4.Borde Costero,8,8,16,0,9,8,3,1,,5,,null,null,6,1,1,null,null,,3,2,null,null,1,1,1,1,2,0,6,0,1,3,1,2,4.Borde Costero,"14,889",,,,,,,,
10652,MAGALLANES,NATALES,2,4.Borde Costero,14,6,19,0,15,6,4,1,,1,,null,null,50,1,1,null,null,,3,2,null,null,2,1,1,2,null,1,14,0,1,2,1,2,4.Borde Costero,"18,665",,,,,,,,
10661,MANUEL SEÑORET,PUERTO NATALES,2,4.Borde Costero,23,5,18,33,24,5,1,1,,3,,null,59000,3,10,2,1,10,CHILLAN,3,2,null,null,1,1,1,2,null,0,4,2,1,3,1,2,4.Borde Costero,"5,489",,,,,,,,
10662,PHILLIPI,NATALES,2,4.Borde Costero,8,8,14,0,9,8,4,1,,1,,null,null,11,5,1,null,null,,3,2,null,null,1,1,2,1,5,1,6,0,2,3,1,2,4.Borde Costero,"18,665",,,,,,,,
10671,MAGALLANES,NATALES,3,3.Centro,12,6,18,0,15,6,3,1,,5,,null,null,8,0,1,null,null,,2,2,null,null,1,1,3,2,null,0,13,0,3,3,1,3,3.Centro,"7,85",,,,,,,,
10672,CARLOS BORIES,NATALES,3,3.Centro,14,6,17,9,16,6,1,1,,1,,null,null,57,0,1,null,null,,2,1,2,2,3,2,null,2,null,0,0,0,0,1,1,3,3.Centro,"7,351",,,,,,,,
10681,BLANCO ENCALADA,NATALES,4,3.Centro,9,8,16,0,10,8,1,1,,5,,null,null,68,1,1,null,null,,2,2,null,null,3,2,null,1,1,0,2,1,0,1,1,4,3.Centro,"7,351",,,,,,,,
10682,PASAJE DON BOSCO,NATALES,4,3.Centro,10,8,12,0,11,8,3,1,,1,,null,null,5,6,1,null,null,,3,2,null,null,3,1,1,2,null,0,4,4,1,3,1,4,3.Centro,"7,85",,,,,,,,
10691,JUAN IGNACIO BOLIVAR,NATALES,5,1.Residencial Norte,10,8,12,0,11,8,3,1,,3,,null,450000,3,1,1,null,null,,3,2,null,null,2,1,1,1,3,0,6,0,1,1,1,5,1.Residencial Norte,"14,933",,,,,,,,
10692,PROLONGACION BALMACEDA,NATALES,5,1.Residencial Norte,9,8,19,0,10,8,5,1,,1,,null,null,4,2,1,null,null,,3,2,null,null,2,1,2,2,null,1,6,2,2,2,1,5,1.Residencial Norte,"24,803",,,,,,,,
10701,PILAR BORQUEZ,NATALES,7,1.Residencial Norte,8,8,10,0,9,8,2,1,,1,,null,null,25,2,1,null,null,,1,2,null,null,2,2,null,2,null,0,2,1,0,2,1,7,1.Residencial Norte,"8,51",,,,,,,,
10702,PEDRO VIDAL,NATALES,7,1.Residencial Norte,13,6,15,8,15,6,3,1,,1,,null,null,30,0,1,null,null,,3,2,null,null,3,1,1,2,null,1,8,0,1,1,1,7,1.Residencial Norte,"14,933",,,,,,,,
10711,BRUNO CANOBRA,NATALES,7,1.Residencial Norte,9,8,17,0,10,8,2,1,,3,,null,300000,1,3,1,null,null,,3,2,null,null,1,1,1,2,null,0,4,0,1,2,1,7,1.Residencial Norte,"8,51",,,,,,,,
10712,BRUNO CANOBRA,NATALES,7,1.Residencial Norte,8,8,15,0,9,8,7,1,,1,,null,null,15,2,1,null,null,,3,2,null,null,2,2,null,2,null,3,12,12,0,2,1,7,1.Residencial Norte,"12,439",,,,,,,,
10721,BRUNO CANOBRA,NATALES,7,1.Residencial Norte,9,8,19,30,10,8,2,1,,1,,null,null,15,2,1,null,null,,2,2,null,null,2,2,null,2,null,0,6,1,0,3,1,7,1.Residencial Norte,"8,51",,,,,,,,
10722,ALBERTO BARRIA,NATALES,7,1.Residencial Norte,10,8,11,0,11,8,2,1,,1,,null,null,5,3,1,null,null,,3,2,null,null,3,1,1,1,1,0,0,0,1,2,1,7,1.Residencial Norte,"8,51",,,,,,,,
10731,RAQUEL VIDAL,NATALES,7,1.Residencial Norte,14,6,15,34,15,6,2,1,,1,,null,null,4,5,1,null,null,,3,2,null,null,1,2,null,1,2,0,10,4,0,1,1,7,1.Residencial Norte,"8,51",,,,,,,,
10732,BRUNO CANOBRA,NATALES,7,1.Residencial Norte,13,6,15,29,14,6,2,1,,1,,null,null,23,0,1,null,null,,3,2,null,null,2,2,null,1,1,0,10,0,0,2,1,7,1.Residencial Norte,"8,51",,,,,,,,
10741,CAUPOLICAN,NATALES,8,1.Residencial Norte,13,8,14,0,14,8,1,1,,5,,null,null,42,1,1,null,null,,2,2,null,null,2,1,1,2,null,0,4,0,1,2,2,8,1.Residencial Norte,"7,185",,,,,,,,
10742,CAUPOLICAN,NATALES,8,1.Residencial Norte,13,6,16,35,14,6,4,1,,1,,null,null,38,0,1,null,null,,1,2,null,null,2,1,1,2,null,1,9,2,1,3,1,8,1.Residencial Norte,"19,651",,,,,,,,
10751,TUCAPEL,NATALES,9,2.Residencial Central,23,5,19,5,24,5,1,1,,5,,null,null,35,6,1,null,null,,3,2,null,null,3,2,null,2,null,0,0,0,0,1,1,9,2.Residencial Central,"7,711",,,,,,,,
10752,TUCAPEL,NATALES,9,2.Residencial Central,9,8,18,0,10,8,2,1,,1,,null,null,54,1,1,null,null,,1,1,1,2,3,2,null,2,null,0,4,0,0,2,1,9,2.Residencial Central,"10,068",,,,,,,,
10761,ANGAMOS,NATALES,9,2.Residencial Central,14,6,16,0,15,6,1,1,,1,,null,null,40,0,1,null,null,,3,2,null,null,3,2,null,2,null,0,2,2,0,1,1,9,2.Residencial Central,"7,711",,,,,,,,
10762,VALDIVIA,NATALES,9,2.Residencial Central,14,6,16,0,15,6,1,1,,1,,null,null,60,0,1,null,null,,3,2,null,null,2,1,1,2,null,0,0,0,1,1,1,9,2.Residencial Central,"7,711",,,,,,,,
10771,CAUPOLICAN,NATALES,10,1.Residencial Norte,12,8,17,0,13,8,1,1,,1,,null,null,10,1,1,null,null,,3,2,null,null,3,2,null,2,null,0,0,0,0,1,2,10,1.Residencial Norte,"7,185",,,,,,,,
10772,PEDRO AGUIRRE CERDA,NATALES,10,1.Residencial Norte,13,6,16,7,14,6,1,1,,1,,null,null,60,5,1,null,null,,3,1,1,2,3,2,null,2,null,0,0,0,0,1,1,10,1.Residencial Norte,"7,185",,,,,,,,
10781,SANTIAGO BUERAS,NATALES,10,1.Residencial Norte,28,8,19,8,3,9,1,1,,2,,300000,null,15,0,1,null,null,,3,2,null,null,1,1,1,2,null,0,4,0,1,3,2,10,1.Residencial Norte,"7,185",,,,,,,,
10782,SANTIAGO BUERAS,NATALES,10,1.Residencial Norte,13,6,16,22,14,6,1,1,,1,,null,null,4,5,1,null,null,,2,2,null,null,1,1,1,2,null,0,1,1,1,1,1,10,1.Residencial Norte,"7,185",,,,,,,,
10791,BLANCO ENCALADA,NATALES,13,3.Centro,13,6,14,30,14,6,3,1,,1,,null,null,50,0,1,null,null,,3,2,null,null,1,1,1,2,null,0,10,5,1,3,1,13,3.Centro,"7,85",,,,,,,,
10792,OHIGGINS,NATALES,13,3.Centro,7,8,15,30,10,8,2,1,,1,,null,null,28,0,1,null,null,,3,2,null,null,2,1,2,2,null,0,6,0,2,2,1,13,3.Centro,"13,291",,,,,,,,
10801,ESMERALDA,NATALES,13,3.Centro,24,5,15,51,25,5,1,1,,4,,null,null,0,3,1,null,null,,3,2,null,null,1,1,1,2,null,0,4,4,1,9,1,13,3.Centro,"7,351",,,,,,,,
10802,BLANCO ENCALADA,NATALES,13,3.Centro,24,5,15,59,25,5,1,1,,3,,null,998,3,0,1,null,null,,2,2,null,null,3,1,1,2,null,0,4,1,1,1,1,13,3.Centro,"7,351",,,,,,,,
10811,GALVARINO,NATALES,14,3.Centro,23,5,14,2,24,5,3,1,,1,,null,null,22,0,1,null,null,,3,2,null,null,2,1,2,1,1,0,4,0,2,1,1,14,3.Centro,"7,85",,,,,,,,
10812,RAMIREZ,NATALES,14,3.Centro,23,5,14,13,25,5,4,1,,1,,null,null,50,0,1,null,null,,1,2,null,null,1,2,null,2,null,0,6,0,0,1,1,14,3.Centro,"16,558",,,,,,,,
10821,BAQUEDANO,NATALES,14,3.Centro,23,5,14,33,26,5,2,1,,1,,null,null,48,0,1,null,null,,3,2,null,null,3,1,1,1,1,0,0,0,1,9,1,14,3.Centro,"13,291",,,,,,,,
10822,OHIGGINS,NATALES,14,3.Centro,23,5,14,47,24,5,5,1,,1,,null,null,60,0,1,null,null,,3,2,null,null,1,2,null,1,1,1,15,15,0,3,1,14,3.Centro,"20,63",,,,,,,,
10831,RAMIREZ,NATALES,14,3.Centro,15,6,17,2,16,6,2,1,,1,,null,null,50,0,1,null,null,,3,2,null,null,3,2,null,2,null,0,2,2,0,2,1,14,3.Centro,"13,291",,,,,,,,
10832,RAMIREZ,NATALES,14,3.Centro,17,6,10,30,18,6,1,1,,1,,null,null,50,0,1,null,null,,3,2,null,null,3,2,null,2,null,0,2,2,0,1,2,14,3.Centro,"7,351",,,,,,,,
10841,VALDIVIA,NATALES,15,2.Residencial Central,29,8,18,10,30,8,1,1,,5,,null,null,20,0,1,null,null,,3,2,null,null,1,2,null,2,null,0,2,2,0,3,1,15,2.Residencial Central,"7,711",,,,,,,,
10842,VICTOR LARENAS,NATALES,15,2.Residencial Central,31,8,9,12,31,8,3,1,,1,,null,null,40,0,1,null,null,,3,2,null,null,2,1,1,2,null,0,4,0,1,3,1,15,2.Residencial Central,"15,98",,,,,,,,
10851,ESMERALDA,NATALES,15,2.Residencial Central,24,5,11,57,25,5,3,1,,1,,null,null,23,0,1,null,null,,3,2,null,null,2,1,1,1,2,1,10,0,1,1,1,15,2.Residencial Central,"15,98",,,,,,,,
10852,BULNES,NATALES,15,2.Residencial Central,24,5,14,37,26,5,2,1,,3,,null,998,2,6,1,null,null,,1,2,null,null,2,1,1,1,1,0,10,4,1,2,1,15,2.Residencial Central,"10,068",,,,,,,,
10861,SAN MARTIN,NATALES,17,6.Residencial Oriente,3,9,13,1,3,9,4,1,,3,,null,550000,4,0,1,null,null,,3,2,null,null,1,1,2,2,null,2,0,0,2,3,2,17,6.Residencial Oriente,"72,793",,,,,,,,
10862,EDUARDO MERCADO,NATALES,17,6.Residencial Oriente,28,8,19,31,31,8,1,1,,3,,null,300000,1,0,2,1,10,VALPARAISO,3,2,null,null,1,2,null,2,null,0,4,4,0,3,1,17,6.Residencial Oriente,"13,45",,,,,,,,
10871,GARCIA HURTADO DE MENDOZA,NATALES,19,4.Borde Costero,17,6,16,5,19,6,4,1,,1,,null,null,30,0,1,null,null,,2,2,null,null,3,1,1,2,null,0,8,0,1,2,2,19,4.Borde Costero,"18,665",,,,,,,,
10872,AURELIO ROZAS ARANCIBIA,NATALES,19,4.Borde Costero,13,6,17,48,14,6,2,1,,1,,null,null,30,0,1,null,null,,2,2,null,null,3,2,null,2,null,1,4,0,0,1,1,19,4.Borde Costero,"8,431",,,,,,,,
10881,DIEGO PORTALES,NATALES,20,3.Centro,23,5,18,0,24,5,1,1,,1,,null,null,44,0,1,null,null,,3,2,null,null,1,2,null,2,null,0,4,0,0,2,1,20,3.Centro,"7,351",,,,,,,,
10882,MAGALLANES,NATALES,20,3.Centro,13,9,18,0,14,9,1,3,,3,,null,250000,2,1,1,null,null,,3,2,null,null,2,1,1,1,1,0,3,0,1,2,1,20,3.Centro,"7,351",,,,,,,,
10891,GABRIELA MISTRAL,NATALES,20,3.Centro,31,8,19,51,31,8,3,1,,4,,null,null,1,0,2,1,5,,3,2,null,null,1,1,1,2,null,1,8,0,1,3,1,20,3.Centro,"7,85",,,,,,,,
10892,DIEGO PORTALES,NATALES,20,3.Centro,30,8,17,2,30,8,1,1,,1,,null,null,18,0,1,null,null,,3,2,null,null,1,1,1,2,null,0,2,0,1,3,1,20,3.Centro,"7,351",,,,,,,,
10901,LA CONCEPCION,NATALES,21,2.Residencial Central,22,5,14,30,24,5,1,1,,1,,null,null,15,0,1,null,null,,3,2,null,null,1,1,1,1,1,0,2,0,1,9,1,21,2.Residencial Central,"7,711",,,,,,,,
10902,GERMANIA,NATALES,21,2.Residencial Central,22,5,14,18,25,5,2,1,,2,,998,null,7,0,1,null,null,,3,2,null,null,1,2,null,1,1,1,6,0,0,1,1,21,2.Residencial Central,"10,068",,,,,,,,
10911,MIRAFLORES,NATALES,22,3.Centro,25,5,12,41,26,5,3,1,,1,,null,null,58,0,1,null,null,,3,1,1,1,3,2,null,2,null,1,6,6,0,1,1,22,3.Centro,"7,85",,,,,,,,
10912,CHORRILLOS,NATALES,22,3.Centro,25,5,12,54,28,5,2,1,,1,,null,null,35,0,1,null,null,,1,1,1,1,3,2,null,2,null,0,0,0,0,9,2,22,3.Centro,"13,291",,,,,,,,
10921,BALMACEDA,NATALES,23,2.Residencial Central,25,5,12,34,26,5,2,1,,1,,null,null,44,6,1,null,null,,3,2,null,null,3,2,null,2,null,0,8,8,0,2,1,23,2.Residencial Central,"10,068",,,,,,,,
10922,VICTOR LARENAS,NATALES,23,2.Residencial Central,25,5,13,19,28,5,1,1,,1,,null,null,53,0,1,null,null,,1,1,1,2,1,2,null,2,null,0,0,0,0,9,2,23,2.Residencial Central,"7,711",,,,,,,,
10931,RUBEN DARIO,NATALES,25,6.Residencial Oriente,25,5,17,10,26,5,1,1,,5,,null,null,0,1,2,1,10,COLOMBIA,3,2,null,null,3,2,null,2,null,0,0,0,0,9,1,25,6.Residencial Oriente,"13,45",,,,,,,,
10932,RUBEN DARIO,NATALES,25,6.Residencial Oriente,25,5,15,15,26,5,1,1,,3,,null,300000,4,6,2,1,10,PTO MONTT,3,2,null,null,1,2,null,2,null,0,2,0,0,1,1,25,6.Residencial Oriente,"13,45",,,,,,,,
10941,YUNGAY,NATALES,27,4.Borde Costero,23,5,13,3,24,5,2,1,,3,,null,998,1,5,2,1,10,PUERTO MONTT,2,2,null,null,1,1,2,2,null,0,2,0,2,2,1,27,4.Borde Costero,"8,431",,,,,,,,
10942,REGIDOR MANUEL ALVAREZ,NATALES,27,4.Borde Costero,23,5,12,47,24,5,2,1,,1,,null,null,15,2,1,null,null,,3,2,null,null,1,1,1,2,null,0,4,0,1,2,1,27,4.Borde Costero,"8,431",,,,,,,,
10951,RAMON BARROS LUCO,NATALES,27,4.Borde Costero,24,5,16,15,25,5,1,3,,3,,null,998,2,10,2,1,10,CALDERA,3,2,null,null,1,1,1,2,null,0,4,0,1,3,1,27,4.Borde Costero,"5,489",,,,,,,,
10952,YUNGAY,PUERTO NATALES,27,4.Borde Costero,25,5,16,20,26,5,2,1,,1,,null,null,17,2,1,null,null,,3,2,null,null,2,1,2,2,null,0,5,0,2,3,1,27,4.Borde Costero,"8,431",,,,,,,,
10961,MGALLANES,NATALES,27,4.Borde Costero,27,5,17,14,28,5,1,1,,5,,null,null,30,8,1,null,null,,3,2,null,null,1,2,null,2,null,0,1,0,0,1,2,27,4.Borde Costero,"5,489",,,,,,,,
10962,PEDRO LAGOS,NATALES,27,4.Borde Costero,26,5,16,2,29,5,2,1,,1,,null,null,23,9,2,1,10,VALDIVIA,3,2,null,null,1,1,1,2,null,0,4,2,1,1,2,27,4.Borde Costero,"8,431",,,,,,,,
10971,PASAJE RANCAGUA,NATALES,28,2.Residencial Central,13,6,10,5,14,6,2,1,,1,,null,null,20,0,1,null,null,,3,2,null,null,1,1,1,2,null,0,9,0,1,2,1,28,2.Residencial Central,"10,068",,,,,,,,
10972,TARAPACA,NATALES,28,2.Residencial Central,8,8,17,36,9,8,1,1,,1,,null,null,45,0,1,null,null,,3,2,null,null,1,2,null,2,null,0,4,4,0,1,1,28,2.Residencial Central,"7,711",,,,,,,,
10981,YUNGAI,NATALES,29,2.Residencial Central,22,5,14,45,24,5,2,1,,3,,null,998,3,5,1,null,null,,3,2,null,null,1,2,null,1,2,0,13,0,0,2,1,29,2.Residencial Central,"10,068",,,,,,,,
10982,MIRAFLORES,NATALES,29,2.Residencial Central,24,5,13,45,25,5,1,1,,1,,null,null,45,0,1,null,null,,3,1,1,1,2,2,null,2,null,0,4,2,0,9,1,29,2.Residencial Central,"7,711",,,,,,,,
10991,RAMIREZ,NATALES,29,2.Residencial Central,24,5,12,26,26,5,2,1,,1,,null,null,40,0,1,null,null,,3,2,null,null,3,1,1,2,null,0,10,0,1,1,1,29,2.Residencial Central,"10,068",,,,,,,,
10992,GALVARINO,NATALES,29,2.Residencial Central,24,5,12,39,26,5,7,1,,1,,null,null,40,0,1,null,null,,3,2,null,null,2,2,null,1,1,0,4,0,0,3,1,29,2.Residencial Central,"21,851",,,,,,,,
11001,FRESIA,NATALES,32,5.Residencial Sur,12,9,19,0,8,9,4,1,,5,,null,null,4,2,2,1,5,,3,2,null,null,3,1,1,1,1,0,14,8,1,3,1,32,5.Residencial Sur,"19,313",,,,,,,,
11002,PATAGONIA,NATALES,32,5.Residencial Sur,7,9,14,0,8,9,2,1,,1,,null,null,50,1,1,null,null,,1,1,1,2,3,2,null,2,null,0,0,0,0,2,1,32,5.Residencial Sur,"8,098",,,,,,,,
11011,FRESIA,NATALES,32,5.Residencial Sur,12,8,16,56,13,8,4,1,,1,,null,null,4,0,1,null,null,,3,2,null,null,1,1,2,2,null,2,4,0,2,2,2,32,5.Residencial Sur,"19,313",,,,,,,,
11012,OVEJERO,NATALES,32,5.Residencial Sur,10,8,19,11,11,8,1,1,,1,,null,null,13,4,1,null,null,,3,2,null,null,2,2,null,2,null,0,4,0,0,3,1,32,5.Residencial Sur,"11,076",,,,,,,,
11021,LOS CIPRESES,NATALES,33,5.Residencial Sur,31,8,18,2,31,8,4,1,,3,,null,450000,2,0,2,1,5,,3,2,null,null,1,1,1,2,null,2,8,0,1,3,1,33,5.Residencial Sur,"19,313",,,,,,,,
11022,27 DE ABRIL,NATALES,33,5.Residencial Sur,1,9,9,2,1,9,2,1,,1,,null,null,15,0,1,null,null,,1,2,null,null,3,1,1,2,null,0,4,0,1,2,1,33,5.Residencial Sur,"8,098",,,,,,,,
11031,ABRAHAM LINCON,NATALES,36,5.Residencial Sur,23,5,15,58,24,5,3,1,null,3,null,null,400000,6,0,1,null,null,null,2,2,null,null,1,1,1,2,null,1,16,1,1,2,1,36,5.Residencial Sur,"21,504",,,,,,,,
11032,PILOTO PARDO,NATALES,36,5.Residencial Sur,23,5,17,31,24,5,3,1,,1,,null,null,40,0,1,null,null,,3,1,1,2,1,1,1,2,null,0,8,0,1,3,1,36,5.Residencial Sur,"21,504",,,,,,,,
11041,FRESIA,NATALES,37,5.Residencial Sur,25,5,14,51,26,5,2,1,,1,,null,null,50,1,1,null,null,,3,1,1,2,2,2,null,2,null,0,2,0,0,2,1,37,5.Residencial Sur,"8,098",,,,,,,,
11042,PATAGONIA,NATALES,37,5.Residencial Sur,23,5,14,20,24,5,3,1,null,1,null,null,null,25,0,1,null,null,null,3,2,null,null,3,1,1,1,1,0,16,0,1,3,1,37,5.Residencial Sur,"21,504",,,,,,,,
11051,ALBERTO D AGOSTINI,NATALES,38,5.Residencial Sur,29,8,20,0,30,8,3,1,,1,,null,null,27,0,1,null,null,,2,2,null,null,1,1,1,1,1,1,9,3,1,3,1,38,5.Residencial Sur,"21,504",,,,,,,,
11052,LANCEROS,NATALES,38,5.Residencial Sur,29,8,20,30,30,8,3,1,,1,,null,null,16,0,1,null,null,,1,2,null,null,1,1,1,1,1,2,10,10,1,2,1,38,5.Residencial Sur,"21,504",,,,,,,,
11061,JOSE SAVARINO,NATALES,38,5.Residencial Sur,29,8,10,0,30,8,1,1,,1,,null,null,70,1,1,null,null,,2,2,null,null,3,2,null,2,null,0,0,0,0,1,1,38,5.Residencial Sur,"11,076",,,,,,,,
11062,PATAGONIA,NATALES,38,5.Residencial Sur,30,8,15,0,31,8,3,1,,1,,null,null,11,6,1,null,null,,1,2,null,null,1,1,1,1,3,1,2,2,1,2,1,38,5.Residencial Sur,"21,504",,,,,,,,
11071,MILODON,NATALES,38,5.Residencial Sur,24,5,13,39,25,5,2,1,,3,,null,350000,49,0,1,null,null,,3,2,null,null,3,1,1,1,1,0,4,0,1,9,1,38,5.Residencial Sur,"8,098",,,,,,,,
11072,21 DE MAYO,NATALES,38,5.Residencial Sur,25,5,13,0,26,5,2,1,,1,,null,null,41,0,2,1,10,SANTA CRUZ,3,1,1,2,3,1,1,1,1,0,0,0,1,1,1,38,5.Residencial Sur,"8,098",,,,,,,,
11081,FRESIA,NATALES,38,5.Residencial Sur,3,8,18,31,11,8,2,1,,1,,null,null,48,0,1,null,null,,1,2,null,null,3,2,null,2,null,0,2,2,0,2,1,38,5.Residencial Sur,"8,098",,,,,,,,
11082,OVEJERO,NATALES,38,5.Residencial Sur,8,8,11,39,9,8,2,1,,1,,null,null,55,0,1,null,null,,3,2,null,null,3,1,1,2,null,0,2,0,1,2,1,38,5.Residencial Sur,"8,098",,,,,,,,
11091,FRESIA,NATALES,38,5.Residencial Sur,31,8,20,15,1,9,4,1,,1,,null,null,30,5,1,null,null,,3,1,1,2,3,1,1,2,null,0,4,2,1,2,1,38,5.Residencial Sur,"19,313",,,,,,,,
11092,OVEJERO,NATALES,38,5.Residencial Sur,2,9,15,30,3,9,3,1,,1,,null,null,40,1,1,null,null,,3,2,null,null,3,2,null,1,1,0,2,2,0,2,2,38,5.Residencial Sur,"21,504",,,,,,,,
11101,18 DE SEPTIEMBRE,NATALES,39,5.Residencial Sur,23,5,14,6,24,5,1,1,,3,,null,350000,0,6,2,1,10,"COCHABAMBA, BOLIVIA",3,2,null,null,1,2,null,2,null,0,0,0,0,9,1,39,5.Residencial Sur,"11,076",,,,,,,,
11102,PATAGONIA,NATALES,39,5.Residencial Sur,24,5,16,0,25,5,1,1,,3,,null,350000,0,2,2,1,10,PTO MONTT,3,2,null,null,3,2,null,2,null,0,3,0,0,9,1,39,5.Residencial Sur,"11,076",,,,,,,,
11111,SARMIENTO,NATALES,39,5.Residencial Sur,31,8,17,0,1,9,4,1,,3,,null,500000,1,1,1,null,null,,2,2,null,null,1,2,null,2,null,0,9,4,0,3,1,39,5.Residencial Sur,"19,313",,,,,,,,
11112,14 DE ABRIL,NATALES,39,5.Residencial Sur,31,8,16,0,1,9,1,1,,1,,null,null,30,5,1,null,null,,2,2,null,null,3,1,1,2,null,0,3,0,1,1,1,39,5.Residencial Sur,"11,076",,,,,,,,
11121,LOS ALERCES,NATALES,40,5.Residencial Sur,3,9,10,22,3,9,1,1,,5,,null,null,9,0,1,null,null,,3,2,null,null,3,2,null,2,null,0,2,0,0,1,2,40,5.Residencial Sur,"11,076",,,,,,,,
11122,27 DE ABRIL,NATALES,40,5.Residencial Sur,30,8,9,49,30,8,2,1,,1,,null,null,30,0,1,null,null,,2,2,null,null,3,2,null,2,null,0,0,0,0,2,1,40,5.Residencial Sur,"8,098",,,,,,,,
11131,EUSEBIO LILLO,NATALES,40,5.Residencial Sur,2,9,15,0,3,9,1,1,,1,,null,null,40,5,1,null,null,,2,2,null,null,3,2,null,2,null,0,0,0,0,1,2,40,5.Residencial Sur,"11,076",,,,,,,,
11132,REMIGIO SAPUNAR,NATALES,40,5.Residencial Sur,27,8,17,30,28,8,1,1,,1,,null,null,40,5,1,null,null,,1,2,null,null,3,2,null,2,null,0,0,0,0,1,2,40,5.Residencial Sur,"11,076",,,,,,,,
11141,LAS LENGAS,NATALES,41,5.Residencial Sur,8,8,19,10,9,8,2,1,,1,,null,null,16,0,1,null,null,,3,2,null,null,3,2,null,2,null,0,2,2,0,1,1,41,5.Residencial Sur,"8,098",,,,,,,,
11142,19 DE JUNIO,NATALES,41,5.Residencial Sur,11,9,15,0,7,9,2,1,,1,,null,null,20,8,1,null,null,,3,2,null,null,2,1,1,2,null,0,0,0,1,2,1,41,5.Residencial Sur,"8,098",,,,,,,,
11151,EUSEBIO LILLO,NATALES,41,5.Residencial Sur,24,5,18,0,25,5,2,1,,1,,null,null,15,6,1,null,null,,3,2,null,null,1,1,1,2,null,0,6,0,1,1,1,41,5.Residencial Sur,"8,098",,,,,,,,
11152,RAUL ALVARADO,NATALES,41,5.Residencial Sur,25,5,18,50,26,5,3,1,,1,,null,null,2,4,1,null,null,,3,2,null,null,3,1,1,2,null,1,6,0,1,9,1,41,5.Residencial Sur,"21,504",,,,,,,,
11161,JUAN LOZIC,NATALES,41,5.Residencial Sur,10,8,18,33,11,8,2,1,,1,,null,null,20,0,1,null,null,,3,2,null,null,1,1,1,2,null,0,4,0,1,3,1,41,5.Residencial Sur,"8,098",,,,,,,,
11162,REMIGIO SAPUNAR,NATALES,41,5.Residencial Sur,28,8,16,3,30,8,2,1,,1,,null,null,20,0,1,null,null,,1,2,null,null,2,1,1,2,null,0,0,0,1,3,1,41,5.Residencial Sur,"8,098",,,,,,,,
11171,18 DE SEPTIEMBRE,NATALES,43,5.Residencial Sur,24,5,15,45,25,5,1,1,,1,,null,null,20,0,1,null,null,,3,2,null,null,3,1,1,2,null,0,2,0,1,1,1,43,5.Residencial Sur,"11,076",,,,,,,,
11172,PATAGONIA,NATALES,43,5.Residencial Sur,25,5,16,19,26,5,2,1,,1,,null,null,42,0,1,null,null,,3,2,null,null,3,1,1,2,null,0,4,0,1,1,1,43,5.Residencial Sur,"8,098",,,,,,,,
11181,CONSTANTINO GAFO,NATALES,44,5.Residencial Sur,23,5,17,50,24,5,2,1,,5,,null,null,4,0,1,null,null,,3,2,null,null,3,1,1,2,null,0,6,2,1,1,1,44,5.Residencial Sur,"8,098",,,,,,,,
11182,ANGEL CABANAS,NATALES,44,5.Residencial Sur,24,5,16,2,25,5,6,1,,1,,null,null,12,11,1,null,null,,3,2,null,null,1,2,null,2,null,2,19,11,0,2,1,44,5.Residencial Sur,"60,002",,,,,,,,
11191,MELINDA MANSILLA,NATALES,44,5.Residencial Sur,24,5,13,30,25,5,3,1,,1,,null,null,25,2,1,null,null,,2,1,1,2,3,2,null,2,null,0,0,0,0,2,1,44,5.Residencial Sur,"21,504",,,,,,,,
11192,CARLOS IBAÑEZ,NATALES,44,5.Residencial Sur,25,5,13,45,26,5,5,1,,1,,null,null,13,4,1,null,null,,3,1,1,2,3,1,2,2,null,2,16,1,2,2,1,44,5.Residencial Sur,"19,372",,,,,,,,
11201,PILOTO PARDO,NATALES,45,7.Residencial Perimetral,24,5,17,9,25,5,5,1,,1,,null,null,14,0,1,null,null,,3,2,null,null,3,1,1,2,null,1,10,0,1,2,1,45,7.Residencial Perimetral,"24,817",,,,,,,,
11202,SAN FRANCISCO DE ASIS,NATALES,45,7.Residencial Perimetral,25,5,17,53,26,5,2,1,,1,,null,null,14,0,1,null,null,,3,2,null,null,3,2,null,2,null,2,5,2,0,1,1,45,7.Residencial Perimetral,"13,884",,,,,,,,
11211,SAN ALBERTO HURTADO,NATALES,45,7.Residencial Perimetral,25,5,16,35,26,5,2,1,null,3,null,null,300000,2,6,1,null,null,null,3,2,null,null,1,2,null,2,null,0,2,0,0,1,1,45,7.Residencial Perimetral,"13,884",,,,,,,,
11212,SAN PEDRO,NATALES,45,7.Residencial Perimetral,24,5,15,20,25,5,5,1,null,1,null,null,null,12,0,1,null,null,null,3,2,null,null,2,1,1,2,null,3,14,2,1,2,1,45,7.Residencial Perimetral,"24,817",,,,,,,,
11221,MAZARELLO,NATALES,46,7.Residencial Perimetral,23,5,11,14,24,5,1,1,null,3,null,null,300000,0,2,1,null,null,null,3,2,null,null,2,1,1,2,null,0,2,0,1,2,1,46,7.Residencial Perimetral,"18,986",,,,,,,,
11222,FAGNANO,NATALES,46,7.Residencial Perimetral,24,5,10,50,25,5,4,1,,1,,null,null,19,0,1,null,null,,3,2,null,null,3,2,null,2,null,1,8,6,0,2,1,46,7.Residencial Perimetral,"21,211",,,,,,,,
11231,PADRE ALLENDE,NATALES,46,7.Residencial Perimetral,24,5,10,25,25,5,4,1,null,1,null,null,null,30,0,1,null,null,null,2,2,null,null,1,1,3,2,null,2,14,0,3,3,1,46,7.Residencial Perimetral,"21,211",,,,,,,,
11232,CARLOS IBAÑEZ,NATALES,46,7.Residencial Perimetral,1,9,17,21,1,9,2,1,,3,,null,400000,0,11,1,null,null,,3,2,null,null,1,1,1,2,null,0,2,0,1,3,1,46,7.Residencial Perimetral,"13,884",,,,,,,,
11241,SALVADOR ALLENDE,NATALES,46,7.Residencial Perimetral,25,5,19,48,26,5,2,1,,3,,null,300000,4,0,1,null,null,,2,2,null,null,1,1,2,2,null,0,7,0,2,2,1,46,7.Residencial Perimetral,"13,884",,,,,,,,
11242,CORDILLERA DARWIN,NATALES,46,7.Residencial Perimetral,24,5,18,35,25,5,1,1,null,1,null,null,null,18,0,1,null,null,null,3,2,null,null,3,2,null,2,null,0,4,0,0,1,1,46,7.Residencial Perimetral,"18,986",,,,,,,,
11251,PEDRO OJEDA PANTOJA,NATALES,46,7.Residencial Perimetral,25,5,19,19,26,5,2,1,null,1,null,null,null,30,0,1,null,null,null,3,1,1,1,3,2,null,2,null,0,4,0,0,2,1,46,7.Residencial Perimetral,"13,884",,,,,,,,
11252,ALFREDO LORCA,NATALES,46,7.Residencial Perimetral,23,5,17,8,24,5,1,1,,1,,null,null,20,0,1,null,null,,3,2,null,null,1,2,null,2,null,0,4,0,0,1,1,46,7.Residencial Perimetral,"18,986",,,,,,,,
11261,JOSE DEGRECO,NATALES,46,7.Residencial Perimetral,27,5,19,0,28,5,1,1,,1,,null,null,1,3,1,null,null,,2,1,2,1,3,2,null,2,null,0,0,0,0,1,2,46,7.Residencial Perimetral,"18,986",,,,,,,,
11262,JOSE DEGRECO,NATALES,46,7.Residencial Perimetral,28,5,19,0,29,5,6,1,,1,,null,null,22,0,1,null,null,,2,2,null,null,3,2,null,2,null,2,12,2,0,2,2,46,7.Residencial Perimetral,"66,507",,,,,,,,
11271,GRANADEROS,NATALES,46,7.Residencial Perimetral,27,5,9,45,28,5,2,1,,1,,null,null,36,0,1,null,null,,2,2,null,null,1,2,null,2,null,0,2,1,0,2,2,46,7.Residencial Perimetral,"13,884",,,,,,,,
11272,PADRE ALLENDE,NATALES,46,7.Residencial Perimetral,28,5,20,0,29,5,2,1,,1,,null,null,15,0,1,null,null,,3,2,null,null,1,1,1,2,null,1,0,0,1,2,2,46,7.Residencial Perimetral,"13,884",,,,,,,,
11281,HUILLIMAPU,NATALES,47,7.Residencial Perimetral,23,5,15,28,24,5,3,1,,1,,null,null,11,0,1,null,null,,2,2,null,null,1,1,1,2,null,3,19,0,1,1,1,47,7.Residencial Perimetral,"21,374",,,,,,,,
11282,RAYEN,NATALES,47,7.Residencial Perimetral,23,5,16,17,24,5,2,1,,1,,null,null,10,0,1,null,null,,1,2,null,null,3,2,null,2,null,1,6,0,0,1,1,47,7.Residencial Perimetral,"13,884",,,,,,,,
11291,LAGO PINTO,NATALES,47,7.Residencial Perimetral,24,5,15,30,25,5,5,1,,3,,null,998,0,8,1,null,null,,2,2,null,null,1,2,null,2,null,0,10,6,0,3,1,47,7.Residencial Perimetral,"24,817",,,,,,,,
11292,RIO NATALIS,NATALES,47,7.Residencial Perimetral,25,5,15,0,26,5,4,1,,1,,null,null,7,0,1,null,null,,2,2,null,null,2,1,1,2,null,1,10,1,1,2,1,47,7.Residencial Perimetral,"21,211",,,,,,,,
11301,EXPLORADORES,NATALES,47,7.Residencial Perimetral,24,5,10,0,25,5,2,1,,1,,null,null,19,7,1,null,null,,2,2,null,null,1,1,1,2,null,0,4,0,1,2,1,47,7.Residencial Perimetral,"13,884",,,,,,,,
11302,HUSARES,NATALES,47,7.Residencial Perimetral,25,5,11,0,26,5,9,1,,3,,null,999,3,0,1,null,null,,2,2,null,null,1,1,3,2,null,5,20,0,3,3,1,47,7.Residencial Perimetral,"5,864",,,,,,,,
11311,RAPANUI,NATALES,47,7.Residencial Perimetral,25,5,19,30,26,5,4,1,,1,,null,null,5,4,1,null,null,,2,2,null,null,1,1,1,2,null,1,8,1,1,2,1,47,7.Residencial Perimetral,"21,211",,,,,,,,
11312,RAPANUI,NATALES,47,7.Residencial Perimetral,27,5,10,0,28,5,3,1,,1,,null,null,10,0,1,null,null,,2,2,null,null,1,1,1,2,null,2,2,0,1,1,2,47,7.Residencial Perimetral,"21,374",,,,,,,,
11321,PACHAMAMA,NATALES,48,7.Residencial Perimetral,23,5,16,50,24,5,3,1,,1,,null,null,5,0,1,null,null,,1,2,null,null,1,1,1,1,1,2,7,0,1,2,1,48,7.Residencial Perimetral,"21,374",,,,,,,,
11322,PACHAMAMA,NATALES,48,7.Residencial Perimetral,23,5,17,20,24,5,2,1,,1,,null,null,2,4,1,null,null,,2,2,null,null,2,2,null,2,null,1,4,1,0,1,1,48,7.Residencial Perimetral,"13,884",,,,,,,,
11331,SAN MARTIN,NATALES,49,5.Residencial Sur,27,8,18,0,28,8,4,1,,3,,null,300000,0,6,2,1,5,,3,2,null,null,3,2,null,2,null,1,0,0,0,2,2,49,5.Residencial Sur,"19,313",,,,,,,,
11332,14 DE ABRIL,NATALES,49,5.Residencial Sur,29,8,18,30,30,8,5,1,,1,,null,null,32,0,1,null,null,,3,2,null,null,3,1,1,1,1,0,6,4,1,3,1,49,5.Residencial Sur,"19,372",,,,,,,,
11341,LOS COPIHUES,NATALES,50,5.Residencial Sur,8,8,14,0,11,8,2,1,,1,,null,null,25,0,1,null,null,,3,2,null,null,2,2,null,2,null,0,4,0,0,2,1,50,5.Residencial Sur,"8,098",,,,,,,,
11342,LOS COIGUES,NATALES,50,5.Residencial Sur,1,8,18,11,2,8,3,1,,3,,null,250000,4,0,2,1,5,,2,2,null,null,3,2,null,1,1,0,4,0,0,2,1,50,5.Residencial Sur,"21,504",,,,,,,,
11351,PHILLIPS,NATALES,4,3.Centro,23,8,17,0,24,8,5,1,,1,,null,null,32,0,1,null,null,,2,2,null,null,2,1,2,1,2,0,10,3,2,3,1,4,3.Centro,"20,63",,,,,,,,
11352,TOMAS ROGERS,NATALES,4,3.Centro,17,8,16,0,18,8,2,1,,1,,null,null,47,5,1,null,null,,3,2,null,null,3,1,3,2,null,0,2,0,3,9,1,4,3.Centro,"13,291",,,,,,,,
11361,PASAJE DON BOSCO,NATALES,5,1.Residencial Norte,16,8,18,0,17,8,1,1,,5,,null,null,2,3,1,null,null,,1,1,1,1,2,2,null,2,null,0,2,0,0,1,1,5,1.Residencial Norte,"7,185",,,,,,,,
11362,PASAJE DON BOSCO,NATALES,5,1.Residencial Norte,16,8,18,30,17,8,3,1,,1,,null,null,29,1,1,null,null,,3,2,null,null,1,1,3,1,1,0,10,4,3,3,1,5,1.Residencial Norte,"14,933",,,,,,,,
11371,LEONIDAS ANDRADE,NATALES,7,1.Residencial Norte,28,6,19,0,29,6,2,1,,1,,null,null,16,6,1,null,null,,2,2,null,null,2,2,null,1,2,1,4,4,0,1,1,7,1.Residencial Norte,"8,51",,,,,,,,
11372,BRUNO CANOBRA,NATALES,7,1.Residencial Norte,27,6,15,0,28,6,3,1,,1,,null,null,30,1,1,null,null,,3,2,null,null,2,1,2,1,2,1,6,2,2,2,1,7,1.Residencial Norte,"14,933",,,,,,,,
11381,HUERTO 18,NATALES,7,1.Residencial Norte,28,6,14,0,29,6,4,4,CABAÑA,3,,null,500000,1,2,1,null,null,,1,2,null,null,2,2,null,1,3,0,4,2,0,9,1,7,1.Residencial Norte,"19,651",,,,,,,,
11382,AVDA. LIBERTAD,NATALES,7,1.Residencial Norte,22,6,14,0,23,6,2,1,,1,,null,null,10,5,1,null,null,,2,2,null,null,1,1,1,1,2,1,7,0,1,1,1,7,1.Residencial Norte,"8,51",,,,,,,,
11391,LEONIDAS ANDRADE,NATALES,7,1.Residencial Norte,22,6,20,30,23,6,1,1,,1,,null,null,23,2,1,null,null,,2,2,null,null,2,2,null,2,null,0,4,0,0,1,1,7,1.Residencial Norte,"7,185",,,,,,,,
11392,POPIN BARRIENTOS,NATALES,7,1.Residencial Norte,24,6,15,0,25,6,3,1,,1,,null,null,22,1,1,null,null,,3,2,null,null,2,1,1,1,2,2,13,0,1,1,2,7,1.Residencial Norte,"14,933",,,,,,,,
11401,CIPRIANO PEDREROS,NATALES,8,1.Residencial Norte,27,6,14,0,28,6,2,1,,1,,null,null,33,0,1,null,null,,3,2,null,null,2,1,1,1,1,0,11,6,1,2,1,8,1.Residencial Norte,"8,51",,,,,,,,
11402,PEDRO AGUIRRE CERDA,NATALES,8,1.Residencial Norte,27,6,13,0,28,6,1,1,,3,,null,350000,3,0,1,null,null,,1,2,null,null,2,1,1,1,1,0,6,0,1,2,1,8,1.Residencial Norte,"7,185",,,,,,,,
11411,CARABINERO LUCERO,NATALES,8,1.Residencial Norte,22,6,17,0,23,6,4,1,,1,,null,null,12,2,1,null,null,,3,2,null,null,2,1,1,1,1,2,10,0,1,1,1,8,1.Residencial Norte,"19,651",,,,,,,,
11412,AVDA. LIBERTAD,NATALES,8,1.Residencial Norte,28,6,13,30,29,6,2,1,,1,,null,null,60,0,1,null,null,,3,1,1,2,2,2,null,2,null,0,0,0,0,2,1,8,1.Residencial Norte,"8,51",,,,,,,,
11421,VALDIVIA,NATALES,9,2.Residencial Central,16,8,15,30,17,8,3,1,,3,,null,500000,3,2,1,null,null,,3,2,null,null,3,2,null,2,null,0,2,2,0,2,1,9,2.Residencial Central,"15,98",,,,,,,,
11422,TUCAPEL,NATALES,9,2.Residencial Central,17,8,16,0,18,8,2,1,,1,,null,null,60,1,1,null,null,,3,1,1,2,3,2,null,2,null,0,2,2,0,2,1,9,2.Residencial Central,"10,068",,,,,,,,
11431,COLO COLO,NATALES,10,1.Residencial Norte,26,8,18,56,27,8,3,1,,1,,null,null,20,0,1,null,null,,3,2,null,null,2,2,null,2,null,0,6,6,0,2,2,10,1.Residencial Norte,"14,933",,,,,,,,
11432,LIBERTAD,NATALES,10,1.Residencial Norte,20,8,15,30,21,8,4,1,,1,,null,null,1,8,1,null,null,,3,2,null,null,3,1,1,1,1,1,0,0,1,3,2,10,1.Residencial Norte,"19,651",,,,,,,,
11441,AURELIO ROZAS,NATALES,11,4.Borde Costero,22,6,17,18,23,6,3,1,,3,,null,998,0,8,1,null,null,,2,2,null,null,1,1,2,2,null,1,6,0,2,3,1,11,4.Borde Costero,"14,889",,,,,,,,
11442,AURELIO ROZAS,NATALES,11,4.Borde Costero,22,6,17,33,23,6,2,1,,1,,null,null,35,0,1,null,null,,2,2,null,null,3,2,null,2,null,0,4,4,0,2,1,11,4.Borde Costero,"8,431",,,,,,,,
11451,IGNACIO CARRERA PINTO,NATALES,12,3.Centro,28,6,17,18,29,6,3,1,,1,,null,null,53,0,1,null,null,,2,2,null,null,1,1,1,2,null,0,12,8,1,3,1,12,3.Centro,"7,85",,,,,,,,
11452,IGNACIO CARRERA PINTO,NATALES,12,3.Centro,22,6,17,42,23,6,3,1,,1,,null,null,1,0,1,null,null,,2,2,null,null,3,1,2,2,null,0,4,0,2,3,1,12,3.Centro,"7,85",,,,,,,,
11461,PASAJE CHILOE,NATALES,13,3.Centro,17,8,15,0,18,8,3,1,,1,,null,null,20,1,1,null,null,,3,2,null,null,3,1,2,1,2,0,10,2,2,2,1,13,3.Centro,"7,85",,,,,,,,
11462,ESMERALDA,NATALES,13,3.Centro,17,8,14,0,18,8,4,1,,5,,null,null,3,1,1,null,null,,1,2,null,null,1,1,3,2,null,1,18,2,3,2,1,13,3.Centro,"16,558",,,,,,,,
11471,RICARDO KRUGER,NATALES,15,2.Residencial Central,15,8,19,30,16,8,3,1,,3,,null,500000,2,1,1,null,null,,2,2,null,null,3,1,1,2,null,0,8,7,1,2,1,15,2.Residencial Central,"15,98",,,,,,,,
11472,BALMACEDA,NATALES,15,2.Residencial Central,16,8,14,30,17,8,2,1,,1,,null,null,70,1,1,null,null,,3,1,1,2,3,1,1,2,null,0,8,0,1,3,1,15,2.Residencial Central,"10,068",,,,,,,,
11481,MC CLAIN,NATALES,15,2.Residencial Central,30,5,16,38,31,5,3,1,,1,,null,null,48,0,1,null,null,,3,2,null,null,3,1,1,2,null,0,3,0,1,2,1,15,2.Residencial Central,"15,98",,,,,,,,
11482,VICTOR LARENAS,NATALES,15,2.Residencial Central,31,5,15,48,1,6,4,1,,3,,null,998,2,0,1,null,null,,1,2,null,null,1,1,1,2,null,0,10,8,1,2,1,15,2.Residencial Central,"25,335",,,,,,,,
11491,RICARDO KRUGER,NATALES,15,2.Residencial Central,30,5,16,22,31,5,4,1,,1,,null,null,45,0,1,null,null,,3,1,3,2,3,2,null,2,null,0,20,20,0,1,1,15,2.Residencial Central,"25,335",,,,,,,,
11492,ESMERALDA,NATALES,15,2.Residencial Central,31,5,15,43,1,6,4,1,,1,,null,null,10,0,1,null,null,,2,2,null,null,3,1,1,2,null,1,6,0,1,1,1,15,2.Residencial Central,"25,335",,,,,,,,
11501,GALVARINO,NATALES,15,2.Residencial Central,20,8,15,0,21,8,2,1,,1,,null,null,70,1,1,null,null,,2,2,null,null,1,1,1,2,null,0,0,0,1,2,2,15,2.Residencial Central,"10,068",,,,,,,,
11502,RICARDO KRUGER,NATALES,15,2.Residencial Central,15,8,17,0,16,8,1,1,,3,,null,400000,1,8,1,null,null,,3,1,1,1,2,1,2,1,2,0,4,0,2,3,1,15,2.Residencial Central,"7,711",,,,,,,,
11511,ANDRES BELLO,NATALES,16,2.Residencial Central,31,5,10,52,2,6,3,1,,1,,null,null,20,0,1,null,null,,3,2,null,null,3,1,1,2,null,0,0,0,1,2,1,16,2.Residencial Central,"15,98",,,,,,,,
11512,SANTIAGO BUERAS,NATALES,16,2.Residencial Central,30,5,15,15,31,5,1,1,,1,,null,null,52,0,1,null,null,,3,2,null,null,3,2,null,2,null,0,0,0,0,1,1,16,2.Residencial Central,"7,711",,,,,,,,
11521,19 DE JUNIO,NATALES,17,6.Residencial Oriente,2,9,17,32,6,9,3,1,,1,,null,null,20,0,1,null,null,,3,2,null,null,2,1,1,2,null,1,10,0,1,2,1,17,6.Residencial Oriente,"9,329",,,,,,,,
11522,RUBEN DARIO,NATALES,17,6.Residencial Oriente,2,9,13,48,7,9,2,1,,5,,null,null,50,0,1,null,null,,3,2,null,null,2,1,1,2,null,1,6,2,1,3,1,17,6.Residencial Oriente,"23,763",,,,,,,,
11531,COLON,NATALES,17,6.Residencial Oriente,22,6,15,23,23,6,3,1,,1,,null,null,24,0,1,null,null,,3,2,null,null,1,2,null,2,null,1,4,2,0,2,1,17,6.Residencial Oriente,"9,329",,,,,,,,
11532,E.MERCADO,NATALES,17,6.Residencial Oriente,22,6,15,4,23,6,3,1,,1,,null,null,57,0,1,null,null,,1,1,2,1,3,2,null,2,null,0,4,4,0,2,1,17,6.Residencial Oriente,"9,329",,,,,,,,
11541,JAVIERA CARRERA,NATALES,18,6.Residencial Oriente,22,6,15,34,23,6,2,1,,1,,null,null,51,0,1,null,null,,3,2,null,null,3,2,null,2,null,0,4,4,0,9,1,18,6.Residencial Oriente,"23,763",,,,,,,,
11542,SANTIAGO BUERAS,NATALES,18,6.Residencial Oriente,24,6,10,30,25,6,1,1,,1,,null,null,55,5,1,null,null,,1,2,null,null,3,2,null,2,null,0,3,3,0,1,2,18,6.Residencial Oriente,"13,45",,,,,,,,
11551,LADRILLEROS,NATALES,19,4.Borde Costero,27,6,17,2,28,6,4,1,,3,,null,998,2,0,1,null,null,,2,2,null,null,1,1,1,2,null,1,2,0,1,2,1,19,4.Borde Costero,"18,665",,,,,,,,
11552,MIRAFLORES,NATALES,19,4.Borde Costero,28,6,17,31,29,6,3,1,,1,,null,null,14,0,1,null,null,,2,2,null,null,1,1,1,2,null,1,6,2,1,2,1,19,4.Borde Costero,"14,889",,,,,,,,
11561,AURELIO ROZAS,NATALES,19,4.Borde Costero,22,6,17,6,23,6,1,1,,1,,null,null,40,0,1,null,null,,2,2,null,null,3,2,null,2,null,0,4,4,0,1,1,19,4.Borde Costero,"5,489",,,,,,,,
11562,AURELIO ROZAS,NATALES,19,4.Borde Costero,28,6,17,6,29,6,1,1,,1,,null,null,30,0,1,null,null,,2,2,null,null,3,2,null,2,null,0,4,4,0,1,1,19,4.Borde Costero,"5,489",,,,,,,,
11571,DIEGO PORTALES,NATALES,20,3.Centro,31,5,18,7,1,6,1,1,,1,,null,null,4,0,1,null,null,,3,2,null,null,2,2,null,2,null,0,4,2,0,1,1,20,3.Centro,"7,351",,,,,,,,
11572,MAGALLANES,NATALES,20,3.Centro,22,8,14,15,25,8,1,1,,1,,null,null,47,0,1,null,null,,3,2,null,null,3,2,null,2,null,0,2,2,0,1,1,20,3.Centro,"7,351",,,,,,,,
11581,OHIGGINS,NATALES,20,3.Centro,13,8,15,0,21,8,3,1,,1,,null,null,35,0,1,null,null,,3,2,null,null,1,1,1,2,null,0,4,0,1,2,2,20,3.Centro,"7,85",,,,,,,,
11582,PATRICIO LINCH,NATALES,20,3.Centro,27,6,16,0,28,6,2,1,,5,,null,null,45,1,1,null,null,,2,2,null,null,3,2,null,2,null,0,2,2,0,2,1,20,3.Centro,"13,291",,,,,,,,
11591,EL ROBLE,NATALES,21,2.Residencial Central,31,5,15,21,1,6,1,1,,1,,null,null,26,0,1,null,null,,2,2,null,null,2,1,2,2,null,0,1,0,2,1,1,21,2.Residencial Central,"7,711",,,,,,,,
11592,EL ROBLE,NATALES,21,2.Residencial Central,1,6,14,48,2,6,2,1,,1,,null,null,30,0,1,null,null,,2,2,null,null,1,1,1,2,null,0,6,2,1,3,1,21,2.Residencial Central,"10,068",,,,,,,,
11601,YUNGAY,NATALES,21,2.Residencial Central,1,6,17,35,2,6,1,1,,5,,null,null,20,0,1,null,null,,2,2,null,null,3,2,null,2,null,0,1,0,0,1,1,21,2.Residencial Central,"7,711",,,,,,,,
11602,MIRAFLORES,NATALES,21,2.Residencial Central,30,5,15,6,31,5,2,1,,1,,null,null,35,0,1,null,null,,2,2,null,null,3,2,null,2,null,0,0,0,0,2,1,21,2.Residencial Central,"10,068",,,,,,,,
11611,MIRAFLORES,NATALES,21,2.Residencial Central,1,6,15,11,2,6,4,1,,1,,null,null,53,0,1,null,null,,2,1,1,2,3,1,1,2,null,0,8,3,1,3,1,21,2.Residencial Central,"25,335",,,,,,,,
11612,YUNGAY,NATALES,21,2.Residencial Central,30,5,15,23,31,5,1,1,,1,,null,null,56,8,1,null,null,,2,2,null,null,3,2,null,2,null,0,0,0,0,1,1,21,2.Residencial Central,"7,711",,,,,,,,
11621,GALVARINO,NATALES,22,3.Centro,30,5,16,9,31,5,1,3,,3,,null,998,0,1,2,1,10,SANTIAGO,3,2,null,null,1,2,null,2,null,0,2,2,0,1,1,22,3.Centro,"7,351",,,,,,,,
11622,RAMIREZ,NATALES,22,3.Centro,31,5,11,17,1,6,2,1,,3,,null,998,2,0,1,null,null,,3,2,null,null,2,2,null,1,1,0,5,3,0,2,1,22,3.Centro,"13,291",,,,,,,,
11631,CHORRILLOS,NATALES,22,3.Centro,30,5,15,58,31,5,3,1,,1,,null,null,6,0,1,null,null,,3,2,null,null,1,1,1,2,null,1,12,2,1,2,1,22,3.Centro,"7,85",,,,,,,,
11632,MIRAFLORES,NATALES,22,3.Centro,31,5,11,5,1,6,2,1,,1,,null,null,36,0,1,null,null,,3,2,null,null,1,2,null,2,null,0,6,5,0,1,1,22,3.Centro,"13,291",,,,,,,,
11641,VICTOR ARENAS,NATALES,23,2.Residencial Central,1,6,11,30,2,6,1,1,,1,,null,null,40,0,1,null,null,,1,2,null,null,3,2,null,2,null,0,0,0,0,1,1,23,2.Residencial Central,"7,711",,,,,,,,
11642,VICTOR LARENAS,NATALES,23,2.Residencial Central,1,6,11,5,2,6,4,1,,1,,null,null,36,0,1,null,null,,3,1,1,2,2,2,null,2,null,1,2,0,0,2,1,23,2.Residencial Central,"25,335",,,,,,,,
11651,VENTISQUERO SNOWY,NATALES,26,6.Residencial Oriente,15,8,19,3,16,8,3,1,,2,,300000,null,3,0,1,null,null,,3,2,null,null,1,1,2,2,null,1,9,0,2,3,1,26,6.Residencial Oriente,"9,329",,,,,,,,
11652,VENTISQUERO,NATALES,26,6.Residencial Oriente,23,8,17,15,24,8,1,1,,3,,null,450000,1,7,1,null,null,,3,2,null,null,1,2,null,2,null,0,2,0,0,3,1,26,6.Residencial Oriente,"13,45",,,,,,,,
11661,DARIO SUBIABRE,NATALES,28,2.Residencial Central,30,5,14,18,31,5,4,1,,5,,null,null,11,0,1,null,null,,2,2,null,null,1,1,1,2,null,0,10,3,1,3,1,28,2.Residencial Central,"25,335",,,,,,,,
11662,JUAN YUTRONIC,NATALES,28,2.Residencial Central,30,5,14,47,31,5,1,1,,1,,null,null,21,3,1,null,null,,2,2,null,null,3,2,null,2,null,0,0,0,0,1,1,28,2.Residencial Central,"7,711",,,,,,,,
11671,TACNA,NATALES,28,2.Residencial Central,31,5,14,39,1,6,1,1,,1,,null,null,49,2,1,null,null,,2,2,null,null,3,2,null,2,null,0,2,2,0,1,1,28,2.Residencial Central,"7,711",,,,,,,,
11672,TACNA,NATALES,28,2.Residencial Central,30,5,18,30,31,5,3,1,,3,,null,998,6,0,1,null,null,,2,2,null,null,1,2,null,2,null,2,7,0,0,2,1,28,2.Residencial Central,"15,98",,,,,,,,
11681,TACNA,NATALES,28,2.Residencial Central,1,6,16,13,2,6,3,1,,1,,null,null,50,0,1,null,null,,2,2,null,null,3,1,1,2,null,1,9,3,1,2,1,28,2.Residencial Central,"15,98",,,,,,,,
11682,GUIAS,NATALES,28,2.Residencial Central,31,5,15,47,1,6,4,1,,1,,null,null,15,0,1,null,null,,2,2,null,null,3,1,2,2,null,1,12,1,2,3,1,28,2.Residencial Central,"25,335",,,,,,,,
11691,ARAUCO,NATALES,29,2.Residencial Central,1,6,16,44,2,6,1,1,,1,,null,null,8,0,1,null,null,,2,2,null,null,3,1,1,2,null,0,5,0,1,1,1,29,2.Residencial Central,"7,711",,,,,,,,
11692,YUNGAY,NATALES,29,2.Residencial Central,30,5,16,19,31,5,2,1,,1,,null,null,36,5,1,null,null,,2,2,null,null,3,1,2,2,null,0,4,0,2,2,1,29,2.Residencial Central,"10,068",,,,,,,,
11701,SANTIAGO BUERAS,NATALES,30,2.Residencial Central,30,5,14,16,31,5,1,1,,1,,null,null,60,0,1,null,null,,3,2,null,null,3,2,null,2,null,0,0,0,0,1,1,30,2.Residencial Central,"7,711",,,,,,,,
11702,DOMEYCO,NATALES,30,2.Residencial Central,30,5,14,38,1,6,1,1,,1,,null,null,50,0,1,null,null,,3,2,null,null,3,1,1,2,null,0,2,0,1,1,1,30,2.Residencial Central,"7,711",,,,,,,,
11711,DOMEYCO,NATALES,30,2.Residencial Central,31,5,16,16,1,6,3,1,,1,,null,null,42,0,1,null,null,,2,2,null,null,3,2,null,1,1,0,6,0,0,2,1,30,2.Residencial Central,"15,98",,,,,,,,
11712,ARAUCO,NATALES,30,2.Residencial Central,1,6,18,3,2,6,2,1,,1,,null,null,45,0,1,null,null,,2,1,1,1,3,2,null,2,null,0,4,4,0,2,1,30,2.Residencial Central,"10,068",,,,,,,,
11721,SANTIAGO BUERAS,NATALES,31,2.Residencial Central,31,5,15,56,1,6,1,1,,1,,null,null,50,0,1,null,null,,1,1,2,2,3,2,null,2,null,0,2,0,0,9,1,31,2.Residencial Central,"7,711",,,,,,,,
11722,BENJAMIN ZAMORA,NATALES,31,2.Residencial Central,1,6,11,50,2,6,3,1,,1,,null,null,75,0,1,null,null,,1,2,null,null,3,2,null,2,null,0,5,2,0,3,1,31,2.Residencial Central,"15,98",,,,,,,,
11731,JUANUTA AGUIRRE,NATALES,32,5.Residencial Sur,30,5,12,0,31,5,2,1,,1,,null,null,60,0,1,null,null,,1,2,null,null,3,1,1,2,null,0,9,8,1,2,1,32,5.Residencial Sur,"8,098",,,,,,,,
11732,SIMON BOLIVAR,NATALES,32,5.Residencial Sur,30,5,11,30,31,5,1,1,,1,,null,null,60,0,1,null,null,,3,2,null,null,1,1,1,2,null,0,2,0,1,2,1,32,5.Residencial Sur,"11,076",,,,,,,,
11741,21 DE MAYO,NATALES,32,5.Residencial Sur,30,5,15,31,31,5,2,1,,3,,null,998,5,2,1,null,null,,3,2,null,null,1,1,1,2,null,0,11,1,1,2,1,32,5.Residencial Sur,"8,098",,,,,,,,
11742,SANTIAGO BUERAS,NATALES,32,5.Residencial Sur,30,5,15,40,31,5,1,1,,1,,null,null,55,5,1,null,null,,1,1,2,1,3,2,null,1,1,0,0,0,0,1,1,32,5.Residencial Sur,"11,076",,,,,,,,
11751,ALBERTO DE AGOSTINI,NATALES,32,5.Residencial Sur,31,5,13,30,1,6,2,1,,1,,null,null,50,0,1,null,null,,1,2,null,null,3,2,null,2,null,0,4,4,0,1,1,32,5.Residencial Sur,"8,098",,,,,,,,
11752,SIMON BOLIVAR,NATALES,32,5.Residencial Sur,1,6,12,0,2,6,1,1,,1,,null,null,42,0,1,null,null,,3,2,null,null,3,2,null,2,null,0,0,0,0,1,1,32,5.Residencial Sur,"11,076",,,,,,,,
11762,JUAN AGUILAR,NATALES,33,5.Residencial Sur,11,9,18,30,7,9,2,1,,1,,null,null,20,4,1,null,null,,1,2,null,null,3,1,1,2,null,0,0,0,1,1,1,33,5.Residencial Sur,"8,098",,,,,,,,
11771,AVDA.ESPAÑA,NATALES,33,5.Residencial Sur,4,9,19,14,7,9,2,1,,5,,null,null,18,0,1,null,null,,3,2,null,null,2,2,null,2,null,1,6,4,0,1,1,33,5.Residencial Sur,"8,098",,,,,,,,
11772,PATAGONIA,NATALES,33,5.Residencial Sur,12,9,10,0,8,9,4,1,,1,,null,null,9,1,1,null,null,,2,2,null,null,3,2,null,2,null,2,8,6,0,2,1,33,5.Residencial Sur,"19,313",,,,,,,,
11781,TENIENTE SERRANO,NATALES,35,4.Borde Costero,1,6,18,44,2,6,3,1,,3,,null,998,7,0,1,null,null,,2,2,null,null,1,1,1,2,null,0,2,0,1,2,1,35,4.Borde Costero,"14,889",,,,,,,,
11782,ALMIRANTE LATORRE,NATALES,35,4.Borde Costero,3,6,13,28,4,6,2,1,,1,,null,null,47,0,1,null,null,,2,2,null,null,3,2,null,2,null,0,0,0,0,2,2,35,4.Borde Costero,"8,431",,,,,,,,
11791,21 DEA MAYO,NATALES,37,5.Residencial Sur,30,5,15,47,31,5,1,1,,1,,null,null,50,0,1,null,null,,3,2,null,null,3,2,null,2,null,0,0,0,0,1,1,37,5.Residencial Sur,"11,076",,,,,,,,
11792,CARLOS CONDELL,NATALES,37,5.Residencial Sur,30,5,16,7,31,5,3,1,,1,,null,null,12,0,1,null,null,,3,1,2,1,3,1,1,2,null,0,6,0,1,2,1,37,5.Residencial Sur,"21,504",,,,,,,,
11801,AGOSTINI,NATALES,37,5.Residencial Sur,3,9,11,58,7,9,2,1,,1,,null,null,40,0,1,null,null,,1,2,null,null,3,2,null,2,null,0,0,0,0,2,1,37,5.Residencial Sur,"8,098",,,,,,,,
11802,TEGUALDA,NATALES,37,5.Residencial Sur,31,5,17,30,1,6,3,1,,3,,null,500000,1,6,1,null,null,,3,2,null,null,1,1,1,2,null,1,12,9,1,3,1,37,5.Residencial Sur,"21,504",,,,,,,,
11811,CARLOS CONDELL,NATALES,37,5.Residencial Sur,31,5,16,30,1,6,2,1,null,1,null,null,null,20,0,1,null,null,null,3,2,null,null,3,2,null,2,null,0,6,4,0,2,1,37,5.Residencial Sur,"8,098",,,,,,,,
11812,TEGUALDA,NATALES,37,5.Residencial Sur,30,5,16,43,2,6,3,1,null,1,null,null,null,35,0,1,null,null,null,1,2,null,null,3,1,1,1,1,0,8,2,1,2,1,37,5.Residencial Sur,"21,504",,,,,,,,
11821,MILODON,NATALES,38,5.Residencial Sur,30,5,11,0,31,5,2,1,,4,,null,null,3,4,2,1,10,TEMUCO,1,2,null,null,1,1,1,2,null,0,4,0,1,9,1,38,5.Residencial Sur,"8,098",,,,,,,,
11822,TEGUALDA,NATALES,38,5.Residencial Sur,30,5,15,0,31,5,1,1,,4,,null,null,5,0,1,null,null,,3,2,null,null,2,1,1,1,3,0,1,0,1,9,1,38,5.Residencial Sur,"11,076",,,,,,,,
11831,DI AGOSTINI,NATALES,38,5.Residencial Sur,1,6,16,0,2,6,2,1,,4,,null,null,4,0,2,1,10,TEMUCO,3,2,null,null,1,1,1,2,null,0,5,1,1,9,1,38,5.Residencial Sur,"8,098",,,,,,,,
11832,AGOSTINNI,NATALES,38,5.Residencial Sur,30,5,15,0,31,5,2,1,,4,,null,null,0,2,2,4,10,SANTIAGO,3,2,null,null,1,1,1,2,null,0,1,0,1,9,1,38,5.Residencial Sur,"8,098",,,,,,,,
11841,21 DE MAYO,NATALES,38,5.Residencial Sur,24,6,14,56,25,6,3,1,,1,,null,null,16,0,1,null,null,,3,2,null,null,1,1,1,2,null,0,2,2,1,2,2,38,5.Residencial Sur,"21,504",,,,,,,,
11842,JOSE MUÑOZ,NATALES,38,5.Residencial Sur,27,8,18,30,28,8,1,1,,1,,null,null,30,0,1,null,null,,1,2,null,null,3,2,null,2,null,0,0,0,0,1,2,38,5.Residencial Sur,"11,076",,,,,,,,
11851,LOS CIPRESES,NATALES,40,5.Residencial Sur,30,5,17,50,31,5,1,1,,1,,null,null,30,0,1,null,null,,3,2,null,null,3,2,null,1,1,0,0,0,0,9,1,40,5.Residencial Sur,"11,076",,,,,,,,
11852,LOS CIPRESES,NATALES,40,5.Residencial Sur,31,5,17,30,1,6,1,1,,3,,null,600000,4,0,1,null,null,,3,2,null,null,3,2,null,1,1,0,2,1,0,9,1,40,5.Residencial Sur,"11,076",,,,,,,,
11861,COIRONES,NATALES,40,5.Residencial Sur,22,6,11,0,23,6,3,1,,1,,null,null,9,6,1,null,null,,3,2,null,null,1,1,1,1,1,1,9,0,1,2,1,40,5.Residencial Sur,"21,504",,,,,,,,
11862,LAS LENGAS,NATALES,40,5.Residencial Sur,22,6,15,12,23,6,2,1,,1,,null,null,9,4,1,null,null,,3,2,null,null,2,1,1,2,null,0,2,0,1,2,1,40,5.Residencial Sur,"8,098",,,,,,,,
11871,27 DE ABRIL,NATALES,40,5.Residencial Sur,17,8,16,3,21,8,2,1,,1,,null,null,40,0,1,null,null,,3,2,null,null,3,2,null,2,null,0,0,0,0,2,2,40,5.Residencial Sur,"8,098",,,,,,,,
11872,LOS CIPRECES,NATALES,40,5.Residencial Sur,15,8,15,4,16,8,2,1,,3,,null,450000,1,0,1,null,null,,3,2,null,null,2,2,null,1,1,0,6,2,0,2,1,40,5.Residencial Sur,"8,098",,,,,,,,
11881,DR. JUAN LOZIC,NATALES,41,5.Residencial Sur,30,5,15,0,31,5,2,1,,1,,null,null,30,0,1,null,null,,1,2,null,null,3,1,1,2,null,0,2,0,1,9,1,41,5.Residencial Sur,"8,098",,,,,,,,
11882,RAMIGIO SAPUNAR,NATALES,41,5.Residencial Sur,30,5,15,40,31,5,1,1,,2,,500000,null,0,1,1,null,null,,3,2,null,null,3,1,1,2,null,0,0,0,1,9,1,41,5.Residencial Sur,"11,076",,,,,,,,
11891,JOSE MUOZ,NATALES,41,5.Residencial Sur,23,6,11,10,25,6,1,1,,1,,null,null,45,0,1,null,null,,3,2,null,null,2,2,null,2,null,0,2,0,0,1,2,41,5.Residencial Sur,"11,076",,,,,,,,
11892,PASAJE MIREYA TAPIA,NATALES,41,5.Residencial Sur,27,8,19,30,28,8,2,1,,5,,null,null,12,2,2,1,5,,1,2,null,null,2,1,1,2,null,0,2,0,1,2,2,41,5.Residencial Sur,"8,098",,,,,,,,
11901,CARLOS IBAÑEZ,NATALES,44,5.Residencial Sur,30,5,18,25,31,5,4,1,,3,,null,300000,7,3,1,null,null,,2,2,null,null,3,1,2,1,1,1,9,0,2,1,1,44,5.Residencial Sur,"19,313",,,,,,,,
11902,MELINDA MANSILLA,NATALES,44,5.Residencial Sur,30,5,13,30,1,6,4,1,,1,,null,null,13,4,1,null,null,,3,2,null,null,1,1,1,1,2,2,12,10,1,3,1,44,5.Residencial Sur,"19,313",,,,,,,,
11911,MELINDA MANSILLA,NATALES,44,5.Residencial Sur,31,5,14,5,1,6,2,1,,1,,null,null,13,4,1,null,null,,1,2,null,null,3,2,null,2,null,0,2,2,0,2,1,44,5.Residencial Sur,"8,098",,,,,,,,
11912,FRANCISCO AROSPEREZ,NATALES,44,5.Residencial Sur,1,6,17,55,2,6,1,1,,1,,null,null,13,2,1,null,null,,3,1,1,1,3,2,null,2,null,0,0,0,0,1,1,44,5.Residencial Sur,"11,076",,,,,,,,
11921,SANTA TERESA,NATALES,45,7.Residencial Perimetral,1,6,16,10,2,6,4,1,,1,,null,null,12,0,1,null,null,,3,1,1,2,3,1,1,2,null,1,8,0,1,2,1,45,7.Residencial Perimetral,"21,211",,,,,,,,
11922,SANTA MARIA,NATALES,45,7.Residencial Perimetral,1,6,16,50,2,6,3,1,,1,,null,null,14,0,1,null,null,,2,2,null,null,2,1,2,2,null,0,6,2,2,3,1,45,7.Residencial Perimetral,"21,374",,,,,,,,
11931,ALFREDO LORCA,NATALES,46,7.Residencial Perimetral,30,5,19,3,31,5,1,1,,1,,null,null,6,0,1,null,null,,3,2,null,null,3,1,1,2,null,0,4,0,1,1,1,46,7.Residencial Perimetral,"18,986",,,,,,,,
11932,BITERLICH,NATALES,46,7.Residencial Perimetral,30,5,10,32,1,6,4,1,,3,,null,300000,4,0,1,null,null,,2,2,null,null,1,1,1,2,null,2,8,0,1,1,1,46,7.Residencial Perimetral,"21,211",,,,,,,,
11941,CASILDA TELLEZ,NATALES,46,7.Residencial Perimetral,6,8,19,1,9,8,3,1,,1,,null,null,22,0,1,null,null,,3,2,null,null,1,1,3,2,null,0,10,0,3,2,1,46,7.Residencial Perimetral,"21,374",,,,,,,,
11942,MAZARELLO,NATALES,46,7.Residencial Perimetral,30,5,10,35,1,6,1,1,,1,,null,null,10,0,1,null,null,,3,1,1,1,3,2,null,2,null,0,0,0,0,1,1,46,7.Residencial Perimetral,"18,986",,,,,,,,
11951,SALVADOR ALLENDE,NATALES,46,7.Residencial Perimetral,30,5,9,8,1,6,2,1,,3,,null,300000,3,6,1,null,null,,3,2,null,null,3,2,null,2,null,1,4,0,0,1,1,46,7.Residencial Perimetral,"13,884",,,,,,,,
11952,JORGE MUNCH,NATALES,46,7.Residencial Perimetral,30,5,10,4,31,5,3,1,,3,,null,370000,20,0,1,null,null,,3,2,null,null,1,1,1,2,null,0,4,0,1,2,1,46,7.Residencial Perimetral,"21,374",,,,,,,,
11961,REGIDOR PEDRO OJEDA PANTOJA,NATALES,46,7.Residencial Perimetral,31,5,19,10,1,6,1,1,,1,,null,null,12,5,1,null,null,,2,2,null,null,3,2,null,2,null,0,0,0,0,1,1,46,7.Residencial Perimetral,"18,986",,,,,,,,
11962,CARLOS VIVEORS,NATALES,46,7.Residencial Perimetral,31,5,18,0,1,6,6,1,,1,,null,null,15,5,1,null,null,,1,2,null,null,2,2,null,1,1,2,18,9,0,2,1,46,7.Residencial Perimetral,"66,507",,,,,,,,
11971,MAESTRO ROMANATO,NATALES,46,7.Residencial Perimetral,1,6,19,0,2,6,3,1,,1,,null,null,10,2,1,null,null,,2,2,null,null,1,1,1,1,3,1,15,1,1,3,1,46,7.Residencial Perimetral,"21,374",,,,,,,,
11972,HERNANPINILLA,NATALES,46,7.Residencial Perimetral,31,5,20,10,1,6,2,1,,3,,null,400000,2,2,1,null,null,,3,2,null,null,3,1,1,2,null,0,8,4,1,2,1,46,7.Residencial Perimetral,"13,884",,,,,,,,
11981,PADRE ALLENDE,NATALES,46,7.Residencial Perimetral,3,6,17,34,4,6,4,1,,3,,null,350000,2,0,1,null,null,,3,2,null,null,2,1,1,2,null,0,2,2,1,2,2,46,7.Residencial Perimetral,"21,211",,,,,,,,
11982,CARLOS IBAÑEZ,NATALES,46,7.Residencial Perimetral,4,6,17,13,5,6,2,1,,1,,null,null,22,1,1,null,null,,3,1,1,2,3,2,null,2,null,0,0,0,0,2,2,46,7.Residencial Perimetral,"13,884",,,,,,,,
11991,PASAJE DOROTEA,NATALES,47,7.Residencial Perimetral,31,5,18,45,1,6,2,1,,1,,null,null,6,1,1,null,null,,3,2,null,null,3,2,null,2,null,0,4,0,0,2,1,47,7.Residencial Perimetral,"13,884",,,,,,,,
11992,LOS PIONEROS,NATALES,47,7.Residencial Perimetral,1,6,18,20,2,6,4,1,,1,,null,null,7,3,1,null,null,,3,2,null,null,1,1,2,2,null,2,8,0,2,3,1,47,7.Residencial Perimetral,"21,211",,,,,,,,
12001,ANTILLANCA,NATALES,47,7.Residencial Perimetral,1,6,15,0,2,6,3,1,,1,,null,null,10,5,1,null,null,,2,2,null,null,1,1,2,1,1,1,2,0,2,1,1,47,7.Residencial Perimetral,"21,374",,,,,,,,
12002,ANTILLANCA,NATALES,47,7.Residencial Perimetral,30,5,17,0,31,5,5,1,,1,,null,null,10,2,1,null,null,,2,2,null,null,2,1,1,2,null,2,8,0,1,2,1,47,7.Residencial Perimetral,"24,817",,,,,,,,
12011,CARLOS IBAÑEZ,NATALES,47,7.Residencial Perimetral,1,6,20,0,2,6,3,1,,1,,null,null,5,2,1,null,null,,3,2,null,null,1,1,1,2,null,1,8,2,1,3,1,47,7.Residencial Perimetral,"21,374",,,,,,,,
12012,WELLINGTON,NATALES,47,7.Residencial Perimetral,30,5,17,0,31,5,1,1,,1,,null,null,3,3,1,null,null,,2,2,null,null,1,1,1,1,1,0,4,0,1,9,1,47,7.Residencial Perimetral,"18,986",,,,,,,,
12021,GUILLICHES,NATALES,47,7.Residencial Perimetral,3,6,20,0,4,6,5,1,,1,,null,null,8,2,1,null,null,,3,2,null,null,2,1,1,2,null,2,8,0,1,2,2,47,7.Residencial Perimetral,"24,817",,,,,,,,
12022,SELKNAM,NATALES,47,7.Residencial Perimetral,4,6,17,0,5,6,5,1,,1,,null,null,7,2,1,null,null,,3,2,null,null,2,2,null,2,null,2,0,0,0,2,2,47,7.Residencial Perimetral,"24,817",,,,,,,,
12031,LAGUNA MARGARITA,NATALES,47,7.Residencial Perimetral,4,6,14,30,5,6,2,1,,3,,null,400000,4,2,1,null,null,,2,2,null,null,1,1,1,2,null,1,0,0,1,1,2,47,7.Residencial Perimetral,"13,884",,,,,,,,
12032,LAGO GUEIKIE,NATALES,47,7.Residencial Perimetral,30,5,16,40,31,5,1,1,,1,,null,null,5,2,1,null,null,,3,2,null,null,1,1,1,2,null,0,2,0,1,1,1,47,7.Residencial Perimetral,"18,986",,,,,,,,
12041,18 DE SEPTIEMBRE,NATALES,49,5.Residencial Sur,31,8,19,13,31,8,3,1,,2,,300000,null,7,0,1,null,null,,3,2,null,null,1,1,1,2,null,1,6,0,1,3,1,49,5.Residencial Sur,"21,504",,,,,,,,
12042,SARMIENTO,NATALES,49,5.Residencial Sur,1,9,13,42,1,9,2,1,,1,,null,null,20,0,1,null,null,,2,2,null,null,1,1,1,2,null,0,4,2,1,2,1,49,5.Residencial Sur,"8,098",,,,,,,,
12051,RENE SCHNEIDER,NATALES,50,5.Residencial Sur,31,8,20,40,1,9,2,1,,1,,null,null,40,6,1,null,null,,3,2,null,null,3,2,null,2,null,0,0,0,0,2,1,50,5.Residencial Sur,"8,098",,,,,,,,
12052,J. SAVARINO,NATALES,50,5.Residencial Sur,31,8,10,0,1,9,5,1,,1,,null,null,40,1,1,null,null,,2,2,null,null,1,1,2,1,2,2,10,0,2,2,1,50,5.Residencial Sur,"19,372",,,,,,,,
12061,LADRILLERO,NATALES,1,4.Borde Costero,8,8,15,30,9,8,4,1,,1,,null,null,20,1,1,null,null,,2,2,null,null,1,1,2,1,3,2,19,0,2,1,1,1,4.Borde Costero,"18,665",,,,,,,,
12062,BARROS ARANA,NATALES,1,4.Borde Costero,9,8,14,0,10,8,2,1,,1,,null,null,5,2,1,null,null,,2,2,null,null,1,1,1,1,1,0,0,0,1,2,1,1,4.Borde Costero,"8,431",,,,,,,,
12071,SEÑORET,NATALES,2,4.Borde Costero,9,8,15,0,10,8,1,1,,1,,null,null,37,1,1,null,null,,3,2,null,null,3,1,1,2,null,0,0,0,1,1,1,2,4.Borde Costero,"5,489",,,,,,,,
12072,MIGUEL SANCHEZ,NATALES,2,4.Borde Costero,29,6,19,30,30,6,4,1,,1,,null,null,50,2,1,null,null,,2,2,null,null,3,1,1,2,null,0,5,0,1,2,1,2,4.Borde Costero,"18,665",,,,,,,,
12081,BORIES,NATALES,3,3.Centro,28,6,18,8,29,6,1,1,,3,,null,998,0,1,1,null,null,,3,2,null,null,1,2,null,1,1,0,0,0,0,1,1,3,3.Centro,"7,351",,,,,,,,
12082,EBERHARD,NATALES,3,3.Centro,27,8,17,0,28,8,4,1,,1,,null,null,45,0,1,null,null,,1,2,null,null,3,1,2,1,1,1,0,0,2,1,2,3,3.Centro,"16,558",,,,,,,,
12091,PHILLIPI,NATALES,5,1.Residencial Norte,5,6,9,34,7,6,2,1,,3,,null,998,0,8,1,null,null,,3,2,null,null,3,2,null,2,null,0,10,10,0,2,1,5,1.Residencial Norte,"8,51",,,,,,,,
12092,PASAJE DON BOSCO,NATALES,5,1.Residencial Norte,5,6,9,49,8,6,2,1,,1,,null,null,18,0,1,null,null,,2,1,1,2,3,1,1,2,null,0,4,0,1,1,1,5,1.Residencial Norte,"8,51",,,,,,,,
12101,RAMON FREIRE,NATALES,5,1.Residencial Norte,6,6,17,59,8,6,4,1,,5,,null,null,5,0,1,null,null,,2,2,null,null,1,2,null,2,null,1,8,2,0,2,1,5,1.Residencial Norte,"19,651",,,,,,,,
12102,MAIPU,NATALES,5,1.Residencial Norte,6,6,18,29,12,6,1,1,,1,,null,null,47,0,1,null,null,,2,1,2,1,3,2,null,2,null,0,0,0,0,1,2,5,1.Residencial Norte,"7,185",,,,,,,,
12111,POPIN BARRIENTOS,NATALES,7,1.Residencial Norte,5,6,15,38,7,6,1,1,,1,,null,null,10,0,1,null,null,,2,2,null,null,3,2,null,2,null,0,2,2,0,1,1,7,1.Residencial Norte,"7,185",,,,,,,,
12112,POPIN BARRIENTOS,NATALES,7,1.Residencial Norte,5,6,15,51,12,6,1,1,,3,,null,998,3,0,1,null,null,,2,2,null,null,1,1,1,2,null,0,4,0,1,3,2,7,1.Residencial Norte,"7,185",,,,,,,,
12121,BRUNO CANOBRA,NATALES,7,1.Residencial Norte,5,6,11,23,7,6,3,1,,1,,null,null,15,0,1,null,null,,2,2,null,null,1,1,1,1,1,1,8,0,1,3,1,7,1.Residencial Norte,"14,933",,,,,,,,
12122,BRUNO CANOBRA,NATALES,7,1.Residencial Norte,5,6,11,47,8,6,2,1,,3,,null,998,4,0,1,null,null,,2,2,null,null,1,1,1,2,null,1,12,8,1,2,1,7,1.Residencial Norte,"8,51",,,,,,,,
12131,RAQUEL VIDAL,NATALES,7,1.Residencial Norte,6,6,17,8,8,6,1,1,,1,,null,null,3,0,1,null,null,,2,2,null,null,3,2,null,2,null,0,0,0,0,1,1,7,1.Residencial Norte,"7,185",,,,,,,,
12132,MERCEDES VALENZUELA,NATALES,7,1.Residencial Norte,6,6,17,23,9,6,2,1,,1,,null,null,23,0,1,null,null,,3,2,null,null,3,2,null,2,null,0,2,0,0,1,1,7,1.Residencial Norte,"8,51",,,,,,,,
12141,LIBERTAD,NATALES,10,1.Residencial Norte,5,6,10,12,7,6,1,1,,1,,null,null,60,1,1,null,null,,2,2,null,null,3,1,1,2,null,0,3,0,1,1,1,10,1.Residencial Norte,"7,185",,,,,,,,
12142,LIBERTAD,NATALES,10,1.Residencial Norte,5,6,10,35,8,6,1,1,,1,,null,null,61,9,1,null,null,,2,2,null,null,3,2,null,2,null,0,0,0,0,1,1,10,1.Residencial Norte,"7,185",,,,,,,,
12151,IGNACIO CARRERA PINTO,NATALES,13,3.Centro,27,6,17,22,28,6,1,1,,1,,null,null,2,0,1,null,null,,2,2,null,null,1,1,1,2,null,0,4,4,1,2,1,13,3.Centro,"7,351",,,,,,,,
12152,OHIGGINS,NATALES,13,3.Centro,28,6,17,56,29,6,1,1,,1,,null,null,40,0,1,null,null,,2,2,null,null,3,2,null,2,null,0,0,0,0,1,1,13,3.Centro,"7,351",,,,,,,,
12161,BLANCO ENCALDA,NATALES,14,3.Centro,7,6,15,33,8,6,2,1,,1,,null,null,65,0,1,null,null,,1,2,null,null,1,1,1,2,null,0,5,5,1,2,1,14,3.Centro,"13,291",,,,,,,,
12162,BULNES,NATALES,14,3.Centro,8,6,10,41,9,6,2,1,,1,,null,null,38,0,1,null,null,,2,1,2,2,1,1,1,2,null,0,6,4,1,3,1,14,3.Centro,"13,291",,,,,,,,
12171,BULNES,NATALES,14,3.Centro,8,6,15,21,9,6,2,1,,3,,null,500000,6,0,1,null,null,,3,2,null,null,1,2,null,2,null,1,7,4,0,1,1,14,3.Centro,"13,291",,,,,,,,
12172,GALVARINO,NATALES,14,3.Centro,6,6,14,58,7,6,3,1,,1,,null,null,38,0,1,null,null,,3,2,null,null,3,1,1,2,null,0,11,5,1,3,1,14,3.Centro,"7,85",,,,,,,,
12181,SANTIAGO BUERAS,NATALES,16,2.Residencial Central,7,6,15,50,8,6,1,1,,3,,null,998,2,0,1,null,null,,3,2,null,null,1,2,null,1,1,0,5,0,0,1,1,16,2.Residencial Central,"7,711",,,,,,,,
12182,O HIGGINS,NATALES,16,2.Residencial Central,8,6,11,39,9,6,2,1,,1,,null,null,22,6,2,1,5,,3,1,2,1,3,2,null,2,null,0,2,0,0,1,1,16,2.Residencial Central,"10,068",,,,,,,,
12191,BULNES,NATALES,16,2.Residencial Central,8,6,11,27,9,6,1,1,,1,,null,null,23,0,1,null,null,,3,2,null,null,1,2,null,1,1,0,0,0,0,1,1,16,2.Residencial Central,"7,711",,,,,,,,
12192,ESMERALDA,NATALES,16,2.Residencial Central,6,6,16,20,7,6,2,1,,3,,null,998,3,0,2,1,10,SANTIAGO,2,2,null,null,1,1,1,2,null,0,8,0,1,2,1,16,2.Residencial Central,"10,068",,,,,,,,
12201,VALDIVIA,NATALES,16,2.Residencial Central,7,6,17,41,9,6,3,1,,1,,null,null,9,0,1,null,null,,2,2,null,null,2,1,3,2,null,1,17,0,3,3,1,16,2.Residencial Central,"15,98",,,,,,,,
12202,ANDRES BELLO,NATALES,16,2.Residencial Central,7,6,17,7,11,6,1,1,,1,,null,null,74,0,1,null,null,,2,2,null,null,3,2,null,2,null,0,2,2,0,1,2,16,2.Residencial Central,"7,711",,,,,,,,
12211,ALONSO DE ERCILLA,NATALES,17,6.Residencial Oriente,23,8,14,0,24,8,3,1,,3,,null,400000,1,8,1,null,null,,3,2,null,null,3,1,1,2,null,0,7,1,1,3,1,17,6.Residencial Oriente,"9,329",,,,,,,,
12212,TORTEROLIO,NATALES,17,6.Residencial Oriente,24,8,14,0,25,8,3,1,,1,,null,null,15,2,1,null,null,,3,2,null,null,3,1,1,2,null,1,4,0,1,2,1,17,6.Residencial Oriente,"9,329",,,,,,,,
12221,JAVIERA CARRERA,NATALES,17,6.Residencial Oriente,23,8,14,30,24,8,3,1,,1,,null,null,50,0,1,null,null,,3,1,1,2,3,1,1,2,null,0,4,0,1,3,1,17,6.Residencial Oriente,"9,329",,,,,,,,
12222,ALONSO DE ERCILLA,NATALES,17,6.Residencial Oriente,24,8,14,30,25,8,2,1,,1,,null,null,45,0,1,null,null,,2,2,null,null,3,1,1,1,1,0,4,0,1,2,1,17,6.Residencial Oriente,"23,763",,,,,,,,
12231,SARGENTO ALDEA,NATALES,20,3.Centro,26,8,12,30,27,8,3,1,,1,,null,null,26,1,1,null,null,,2,2,null,null,1,2,null,1,3,0,0,0,0,2,2,20,3.Centro,"7,85",,,,,,,,
12232,BARROS LIUCO,NATALES,20,3.Centro,27,8,15,0,28,8,1,1,,3,,null,280000,2,1,1,null,null,,2,2,null,null,3,2,null,2,null,0,0,0,0,1,2,20,3.Centro,"7,351",,,,,,,,
12241,TACNA,NATALES,21,2.Residencial Central,29,6,17,47,30,6,3,1,,1,,null,null,22,0,1,null,null,,2,1,1,2,1,2,null,2,null,0,4,0,0,2,1,21,2.Residencial Central,"15,98",,,,,,,,
12242,GERMANIA,NATALES,21,2.Residencial Central,28,6,17,49,29,6,1,1,,1,,null,null,50,0,1,null,null,,2,2,null,null,3,2,null,2,null,0,2,0,0,1,1,21,2.Residencial Central,"7,711",,,,,,,,
12251,MIRAFLORES,NATALES,22,3.Centro,8,6,11,3,9,6,5,1,,1,,null,null,74,0,1,null,null,,3,2,null,null,3,2,null,2,null,1,16,12,0,2,1,22,3.Centro,"20,63",,,,,,,,
12252,MIRAFLORES,NATALES,22,3.Centro,6,6,16,14,7,6,5,1,,1,,null,null,60,0,1,null,null,,1,2,null,null,2,2,null,2,null,0,7,6,0,3,1,22,3.Centro,"20,63",,,,,,,,
12261,OHIGGINS,NATALES,22,3.Centro,8,6,15,47,9,6,2,1,,1,,null,null,30,5,1,null,null,,1,2,null,null,3,1,1,1,1,0,2,0,1,2,1,22,3.Centro,"13,291",,,,,,,,
12262,BAQUEDANO,NATALES,22,3.Centro,26,8,19,15,27,8,3,1,,1,,null,null,47,1,1,null,null,,1,2,null,null,3,1,1,1,2,1,2,2,1,3,2,22,3.Centro,"7,85",,,,,,,,
12271,REGIDOR MANUEL ALVARRZ,NATALES,27,4.Borde Costero,6,6,17,53,7,6,1,1,,1,,null,null,12,3,1,null,null,,3,2,null,null,1,2,null,2,null,0,2,0,0,1,1,27,4.Borde Costero,"5,489",,,,,,,,
12272,YUNGAY,NATALES,27,4.Borde Costero,6,6,18,25,8,6,1,1,,1,,null,null,67,3,1,null,null,,3,2,null,null,3,1,1,2,null,0,2,0,1,1,1,27,4.Borde Costero,"5,489",,,,,,,,
12281,ANGEL VIANO,NATALES,27,4.Borde Costero,29,6,19,0,30,6,3,1,,1,,null,null,34,2,1,null,null,,3,2,null,null,1,1,1,2,null,0,6,0,1,2,1,27,4.Borde Costero,"14,889",,,,,,,,
12282,MIRAFLORES,NATALES,27,4.Borde Costero,1,7,15,0,2,7,4,1,,5,,null,null,5,2,1,null,null,,3,2,null,null,3,1,1,2,null,1,2,0,1,3,2,27,4.Borde Costero,"18,665",,,,,,,,
12291,DOMEYCO,NATALES,30,2.Residencial Central,8,6,17,41,9,6,1,1,,1,,null,null,60,0,1,null,null,,1,2,null,null,3,2,null,2,null,0,0,0,0,1,1,30,2.Residencial Central,"7,711",,,,,,,,
12292,CAMILO HENRIQUEZ,NATALES,30,2.Residencial Central,8,6,17,59,9,6,5,1,null,5,null,null,null,2,0,1,null,null,null,3,2,null,null,3,1,1,1,1,0,4,0,1,2,1,30,2.Residencial Central,"66,463",,,,,,,,
12301,YUNGAI,NATALES,31,2.Residencial Central,8,6,15,29,9,6,1,1,,3,,null,350000,1,5,1,null,null,,2,2,null,null,1,2,null,1,1,0,2,0,0,1,1,31,2.Residencial Central,"7,711",,,,,,,,
12302,GALVARINO,NATALES,31,2.Residencial Central,10,6,10,45,11,6,5,1,,1,,null,null,50,0,1,null,null,,3,2,null,null,1,2,null,2,null,1,6,6,0,2,2,31,2.Residencial Central,"66,463",,,,,,,,
12311,27 DE ABRIL,NATALES,33,5.Residencial Sur,24,8,17,30,25,8,2,1,,1,,null,null,35,0,1,null,null,,3,2,null,null,3,1,1,2,null,0,2,0,1,2,1,33,5.Residencial Sur,"8,098",,,,,,,,
12312,LOS ALERCES,NATALES,33,5.Residencial Sur,26,8,18,0,27,8,2,1,,1,,null,null,38,0,1,null,null,,2,2,null,null,3,1,1,2,null,0,2,2,1,2,2,33,5.Residencial Sur,"8,098",,,,,,,,
12321,LOA ARRIEROS,NATALES,36,5.Residencial Sur,6,6,11,32,7,6,2,1,,1,,null,null,50,0,1,null,null,,3,1,2,2,3,2,null,2,null,0,4,4,0,2,1,36,5.Residencial Sur,"8,098",,,,,,,,
12322,PASAJE MARDONES,NATALES,36,5.Residencial Sur,7,6,17,45,8,6,1,1,,1,,null,null,50,0,1,null,null,,1,2,null,null,3,2,null,1,1,0,4,0,0,1,1,36,5.Residencial Sur,"11,076",,,,,,,,
12331,21 DE MAYO,NATALES,37,5.Residencial Sur,24,8,15,21,24,8,2,1,,1,,null,null,40,0,1,null,null,,1,2,null,null,3,1,1,2,null,0,4,0,1,2,1,37,5.Residencial Sur,"8,098",,,,,,,,
12332,21 DE MAYO,NATALES,37,5.Residencial Sur,14,9,11,0,15,9,2,1,,3,,null,450000,2,5,1,null,null,,3,1,1,2,2,2,null,2,null,0,2,2,0,2,1,37,5.Residencial Sur,"8,098",,,,,,,,
12341,EUSEBIO LILLO,NATALES,38,5.Residencial Sur,12,9,15,0,13,9,5,1,,1,,null,null,25,1,1,null,null,,3,2,null,null,1,1,1,1,4,0,10,0,1,3,1,38,5.Residencial Sur,"19,372",,,,,,,,
12342,TEGUALDA,NATALES,38,5.Residencial Sur,13,9,15,30,14,9,2,1,,1,,null,null,33,5,1,null,null,,3,1,1,2,1,2,null,2,null,0,0,0,0,1,1,38,5.Residencial Sur,"8,098",,,,,,,,
12351,SAN MARTIN,NATALES,39,5.Residencial Sur,22,8,13,1,23,8,2,1,,3,,null,350000,2,0,1,null,null,,3,2,null,null,1,1,1,2,null,1,9,3,1,3,1,39,5.Residencial Sur,"8,098",,,,,,,,
12352,18 DE SEPTIEMBRE,NATALES,39,5.Residencial Sur,24,8,10,39,24,8,2,1,,1,,null,null,30,0,1,null,null,,3,2,null,null,3,2,null,1,1,0,2,0,0,2,1,39,5.Residencial Sur,"8,098",,,,,,,,
12361,14 DE ABRIL,NATALES,39,5.Residencial Sur,23,8,15,0,24,8,1,1,,1,,null,null,52,0,1,null,null,,2,2,null,null,1,2,null,2,null,0,3,0,0,1,1,39,5.Residencial Sur,"11,076",,,,,,,,
12362,RENE SCHNEIDER,NATALES,39,5.Residencial Sur,24,8,15,0,25,8,2,1,,1,,null,null,52,0,1,null,null,,2,2,null,null,3,1,1,2,null,0,0,0,1,2,1,39,5.Residencial Sur,"8,098",,,,,,,,
12371,18 DE SEPTIEMBRE,NATALES,39,5.Residencial Sur,24,8,15,50,25,8,1,1,,1,,null,null,30,0,1,null,null,,3,2,null,null,3,2,null,2,null,0,0,0,0,2,1,39,5.Residencial Sur,"11,076",,,,,,,,
12372,SAN MARTIN,NATALES,39,5.Residencial Sur,24,8,15,30,25,8,2,1,,1,,null,null,59,0,1,null,null,,2,2,null,null,3,2,null,2,null,0,2,0,0,2,1,39,5.Residencial Sur,"8,098",,,,,,,,
12381,LOS CIPRECES,NATALES,40,5.Residencial Sur,13,9,17,0,14,9,2,1,,1,,null,null,16,1,1,null,null,,2,2,null,null,1,2,null,2,null,0,4,2,0,2,1,40,5.Residencial Sur,"8,098",,,,,,,,
12382,SARMIENTO,NATALES,40,5.Residencial Sur,3,9,18,10,8,9,4,1,,1,,null,null,23,0,1,null,null,,3,2,null,null,1,1,2,2,null,2,16,1,2,3,1,40,5.Residencial Sur,"19,313",,,,,,,,
12391,SARMIENTO,NATALES,41,5.Residencial Sur,12,9,17,0,13,9,1,1,,1,,null,null,30,1,1,null,null,,2,2,null,null,1,2,null,2,null,0,0,0,0,1,1,41,5.Residencial Sur,"11,076",,,,,,,,
12392,JUAN LOZIC,NATALES,41,5.Residencial Sur,6,9,16,15,7,9,3,1,,3,,null,350000,2,1,2,1,10,SANTIAGO,3,2,null,null,1,1,1,2,null,2,7,0,1,1,1,41,5.Residencial Sur,"21,504",,,,,,,,
12401,SARMIENTO,NATALES,41,5.Residencial Sur,31,8,14,0,1,9,4,1,,1,,null,null,30,0,1,null,null,,3,2,null,null,1,2,null,1,3,2,8,0,0,2,1,41,5.Residencial Sur,"19,313",,,,,,,,
12402,LOS COIRONES,NATALES,41,5.Residencial Sur,2,9,19,0,3,9,1,1,,1,,null,null,30,1,1,null,null,,2,1,1,2,3,2,null,2,null,0,0,0,0,1,2,41,5.Residencial Sur,"11,076",,,,,,,,
12411,18 DE SEPTIEMBRE,NATALES,43,5.Residencial Sur,6,6,17,11,7,6,2,1,,1,,null,null,65,0,1,null,null,,3,2,null,null,3,2,null,2,null,0,0,0,0,2,1,43,5.Residencial Sur,"8,098",,,,,,,,
12412,PATAGONIA,NATALES,43,5.Residencial Sur,6,6,17,32,8,6,1,1,,1,,null,null,50,0,1,null,null,,1,2,null,null,2,2,null,2,null,0,4,0,0,1,1,43,5.Residencial Sur,"11,076",,,,,,,,
12421,SAN MARTIN,NATALES,43,5.Residencial Sur,6,6,11,45,9,6,2,1,,1,,null,null,60,0,1,null,null,,3,2,null,null,3,1,1,2,null,0,0,0,1,1,1,43,5.Residencial Sur,"8,098",,,,,,,,
12422,CARLOS CONDELL,NBATALES,43,5.Residencial Sur,6,6,17,56,8,6,2,1,null,4,null,null,null,28,0,1,null,null,null,2,2,null,null,1,1,1,2,null,0,6,0,1,2,1,43,5.Residencial Sur,"8,098",,,,,,,,
12431,MELINDA MANSILLA,NATALES,44,5.Residencial Sur,7,6,18,30,8,6,3,1,,1,,null,null,10,2,1,null,null,,3,2,null,null,2,1,2,2,null,1,14,0,2,1,1,44,5.Residencial Sur,"21,504",,,,,,,,
12432,CARLOS IBAÑEZ,NATALES,44,5.Residencial Sur,8,6,18,0,9,6,2,1,,1,,null,null,10,3,1,null,null,,3,2,null,null,2,1,1,2,null,0,4,2,1,2,1,44,5.Residencial Sur,"8,098",,,,,,,,
12441,MELINDA MANSILLA,NATALES,44,5.Residencial Sur,8,6,19,0,9,6,2,1,,1,,null,null,11,2,1,null,null,,3,1,1,2,3,2,null,2,null,0,4,4,0,2,1,44,5.Residencial Sur,"8,098",,,,,,,,
12442,CARLOS IBAÑEZ,NATALES,44,5.Residencial Sur,11,6,19,0,12,6,5,1,,1,,null,null,10,2,1,null,null,,3,1,1,2,2,1,1,2,null,3,2,2,1,2,2,44,5.Residencial Sur,"19,372",,,,,,,,
12451,SANTA TERESA,NATALES,45,7.Residencial Perimetral,6,6,18,15,8,6,5,1,,1,,null,null,14,0,1,null,null,,1,2,null,null,3,1,1,1,2,1,12,8,1,2,1,45,7.Residencial Perimetral,"24,817",,,,,,,,
12452,PILOTO PARDO,NATALES,45,7.Residencial Perimetral,24,8,17,0,25,8,3,1,,1,,null,null,13,5,1,null,null,,3,2,null,null,3,2,null,1,2,1,6,6,0,2,1,45,7.Residencial Perimetral,"21,374",,,,,,,,
12461,PADRE ALLENDE,NATALES,46,7.Residencial Perimetral,6,6,13,30,7,6,4,1,,1,,null,null,10,1,1,null,null,,3,2,null,null,2,2,null,1,2,2,10,10,0,1,1,46,7.Residencial Perimetral,"21,211",,,,,,,,
12462,PADRE ALLENDE,NATALES,46,7.Residencial Perimetral,7,6,13,50,8,6,1,1,,5,,null,null,3,5,1,null,null,,1,2,null,null,2,2,null,2,null,0,2,1,0,1,1,46,7.Residencial Perimetral,"18,986",,,,,,,,
12471,PEDRO OJEDA PANTOJA,NATALES,46,7.Residencial Perimetral,5,6,16,32,8,6,3,1,,3,,null,500000,4,0,2,1,10,EXTRANJERO,2,2,null,null,1,2,null,2,null,1,6,2,0,2,1,46,7.Residencial Perimetral,"21,374",,,,,,,,
12472,BITERLICH,NATALES,46,7.Residencial Perimetral,7,6,17,0,9,6,3,1,,1,,null,null,17,0,1,null,null,,1,2,null,null,3,1,1,1,1,0,6,0,1,3,1,46,7.Residencial Perimetral,"21,374",,,,,,,,
12481,CARLOS VIVEROS,NATALES,46,7.Residencial Perimetral,7,6,14,0,8,6,2,1,,1,,null,null,12,1,1,null,null,,3,2,null,null,2,1,1,2,null,0,2,0,1,1,1,46,7.Residencial Perimetral,"13,884",,,,,,,,
12482,MAESTRO ROMANATO,NATALES,46,7.Residencial Perimetral,8,6,15,15,9,6,4,1,,1,,null,null,20,1,1,null,null,,3,2,null,null,3,2,null,2,null,2,6,0,0,1,1,46,7.Residencial Perimetral,"21,211",,,,,,,,
12491,SALVADOR ALLENDE,NATALES,46,7.Residencial Perimetral,5,6,17,13,9,6,2,1,,1,,null,null,15,0,1,null,null,,1,2,null,null,1,1,1,2,null,0,4,2,1,2,1,46,7.Residencial Perimetral,"13,884",,,,,,,,
12492,MAZARELO,NATALES,46,7.Residencial Perimetral,5,6,17,36,7,6,3,1,,1,,null,null,28,0,1,null,null,,3,2,null,null,2,2,null,2,null,0,4,4,0,2,1,46,7.Residencial Perimetral,"21,374",,,,,,,,
12501,PEDRO IBARRA,NATALES,46,7.Residencial Perimetral,8,6,19,30,9,6,3,1,,1,,null,null,10,2,1,null,null,,3,2,null,null,2,1,1,2,null,0,2,2,1,1,1,46,7.Residencial Perimetral,"21,374",,,,,,,,
12502,REGIDOR JULIAN PRADO,NATALES,46,7.Residencial Perimetral,10,6,13,0,11,6,2,1,,1,,null,null,16,3,1,null,null,,3,2,null,null,3,2,null,2,null,0,0,0,0,1,2,46,7.Residencial Perimetral,"13,884",,,,,,,,
12511,SHAKIN,NATALES,47,7.Residencial Perimetral,6,6,18,45,7,6,2,1,,3,,null,400000,1,2,2,1,10,NATALES,3,2,null,null,2,2,null,1,2,1,2,0,0,2,1,47,7.Residencial Perimetral,"13,884",,,,,,,,
12512,SHAKIN,NATALES,47,7.Residencial Perimetral,7,6,18,0,8,6,2,1,,3,,null,300000,1,1,1,null,null,,3,2,null,null,1,1,1,2,null,0,10,0,1,2,1,47,7.Residencial Perimetral,"13,884",,,,,,,,
12521,LAGO GUEIKIE,NATALES,47,7.Residencial Perimetral,8,6,17,30,9,6,3,1,,1,,null,null,5,2,1,null,null,,3,2,null,null,2,1,1,2,null,1,15,0,1,1,1,47,7.Residencial Perimetral,"21,374",,,,,,,,
12522,LAGO GUEIKIE,NATALES,47,7.Residencial Perimetral,11,6,18,0,12,6,3,1,,1,,null,null,5,4,1,null,null,,2,2,null,null,1,1,1,1,3,1,6,0,1,3,2,47,7.Residencial Perimetral,"21,374",,,,,,,,
12531,SAN MARTIN,NATALES,49,5.Residencial Sur,29,8,13,0,30,8,4,1,,1,,null,null,45,1,1,null,null,,1,2,null,null,1,1,1,1,2,0,2,0,1,2,1,49,5.Residencial Sur,"19,313",,,,,,,,
12532,E. LILLO,NATALES,49,5.Residencial Sur,13,9,17,30,14,9,1,1,,1,,null,null,12,5,1,null,null,,3,2,null,null,3,2,null,2,null,0,0,0,0,2,1,49,5.Residencial Sur,"11,076",,,,,,,,
12541,SAN MARTIN,NATALES,49,5.Residencial Sur,29,8,12,0,30,8,2,1,,1,,null,null,10,5,1,null,null,,1,2,null,null,3,1,1,2,null,0,4,0,1,2,1,49,5.Residencial Sur,"8,098",,,,,,,,
12542,18 DE SEPTIEMBRE,NATALES,49,5.Residencial Sur,27,8,19,0,28,8,2,1,,1,,null,null,10,0,1,null,null,,3,2,null,null,1,1,2,2,null,0,0,0,2,2,2,49,5.Residencial Sur,"8,098",,,,,,,,
12551,LOS COPIHUES,NATALES,50,5.Residencial Sur,31,8,11,9,31,8,2,1,,1,,null,null,17,0,1,null,null,,3,2,null,null,1,1,1,2,null,0,4,0,1,3,1,50,5.Residencial Sur,"8,098",,,,,,,,
12552,LOS COPIHUES,NATALES,50,5.Residencial Sur,1,9,20,13,1,9,2,1,,3,,null,350000,4,0,1,null,null,,2,2,null,null,2,2,null,2,null,1,8,0,0,1,1,50,5.Residencial Sur,"8,098",,,,,,,,
15111,CARLOS BORIES,NATALES,3,3.Centro,20,8,18,2,23,8,1,1,,3,,null,375000,0,10,2,1,5,,3,2,null,null,1,2,null,2,null,0,4,0,0,2,1,3,3.Centro,"7,351",,,,,,,,
15121,PASAJE DON BOSCO,NATALES,5,1.Residencial Norte,12,8,19,3,17,8,2,1,,1,,null,null,40,0,1,null,null,,3,2,null,null,2,1,1,2,null,0,6,4,1,3,1,5,1.Residencial Norte,"8,51",,,,,,,,
15122,PASAJE DON BOSCO,NATALES,5,1.Residencial Norte,11,8,18,40,12,8,1,1,,1,,null,null,40,0,1,null,null,,3,2,null,null,3,2,null,2,null,0,0,0,0,1,1,5,1.Residencial Norte,"7,185",,,,,,,,
15131,VALDIVIA,NATALES,31,2.Residencial Central,4,7,15,11,6,7,1,1,,1,,null,null,50,0,1,null,null,,3,2,null,null,2,2,null,2,null,0,2,2,0,1,1,31,2.Residencial Central,"7,711",,,,,,,,
15132,BALMACEDA,NATALES,31,2.Residencial Central,3,7,15,14,7,7,1,1,,1,,null,null,25,0,1,null,null,,3,2,null,null,2,2,null,2,null,0,0,0,0,1,1,31,2.Residencial Central,"7,711",,,,,,,,
15141,LAUTARO,NATALES,10,1.Residencial Norte,10,8,18,47,14,8,2,1,,1,,null,null,17,0,1,null,null,,3,2,null,null,2,1,1,2,null,1,8,0,1,1,2,10,1.Residencial Norte,"8,51",,,,,,,,
15151,VALDIVIA,NATALES,9,2.Residencial Central,16,8,13,40,16,8,3,1,,2,,320000,null,10,0,1,null,null,,3,2,null,null,1,1,2,2,null,1,14,0,2,3,1,9,2.Residencial Central,"15,98",,,,,,,,
15161,LADRILLEROS,NATALES,20,3.Centro,26,8,18,1,28,8,4,1,,1,,null,null,35,0,1,null,null,,3,2,null,null,2,1,2,2,null,1,7,0,2,3,2,20,3.Centro,"16,558",,,,,,,,
15171,21 MAYO,NATALES,38,5.Residencial Sur,3,9,18,29,4,9,3,1,,1,,null,null,22,0,1,null,null,,3,2,null,null,2,1,1,2,null,1,0,0,1,3,2,38,5.Residencial Sur,"21,504",,,,,,,,